name,solver,length,turns,time
s1616_ir0_lrc031_c11111111111,ILS,233,41,364
s1616_ir0_lrc031_c11111111111,ILS,224,54,317
s1616_ir0_lrc031_c11111111111,ILS,236,48,291
s1616_ir0_lrc031_c11111111111,ILS,230,48,239
s1616_ir0_lrc031_c11111111111,ILS,234,46,295
s1616_ir0_lrc033_c11111111111,ILS,228,52,260
s1616_ir0_lrc033_c11111111111,ILS,230,49,354
s1616_ir0_lrc033_c11111111111,ILS,228,54,323
s1616_ir0_lrc033_c11111111111,ILS,230,46,247
s1616_ir0_lrc033_c11111111111,ILS,232,52,287
s1616_ir0_lrc051_c11111111111,ILS,154,30,230
s1616_ir0_lrc051_c11111111111,ILS,156,28,212
s1616_ir0_lrc051_c11111111111,ILS,155,34,136
s1616_ir0_lrc051_c11111111111,ILS,164,35,390
s1616_ir0_lrc051_c11111111111,ILS,150,28,335
s1616_ir0_lrc053_c11111111111,ILS,158,35,243
s1616_ir0_lrc053_c11111111111,ILS,157,36,146
s1616_ir0_lrc053_c11111111111,ILS,162,35,166
s1616_ir0_lrc053_c11111111111,ILS,156,31,171
s1616_ir0_lrc053_c11111111111,ILS,172,35,199
s1616_ir0_lrc055_c11111111111,ILS,150,25,189
s1616_ir0_lrc055_c11111111111,ILS,157,40,207
s1616_ir0_lrc055_c11111111111,ILS,153,28,188
s1616_ir0_lrc055_c11111111111,ILS,160,33,269
s1616_ir0_lrc055_c11111111111,ILS,158,31,177
s1616_ir0_lrc085_c11111111111,ILS,148,26,148
s1616_ir0_lrc085_c11111111111,ILS,134,32,348
s1616_ir0_lrc085_c11111111111,ILS,136,31,197
s1616_ir0_lrc085_c11111111111,ILS,143,28,344
s1616_ir0_lrc085_c11111111111,ILS,128,28,180
s1616_ir0_lrc131_c11111111111,ILS,222,38,580
s1616_ir0_lrc131_c11111111111,ILS,229,44,236
s1616_ir0_lrc131_c11111111111,ILS,227,40,205
s1616_ir0_lrc131_c11111111111,ILS,231,38,249
s1616_ir0_lrc131_c11111111111,ILS,227,44,340
s1616_ir0_lrc133_c11111111111,ILS,224,34,414
s1616_ir0_lrc133_c11111111111,ILS,220,48,437
s1616_ir0_lrc133_c11111111111,ILS,227,43,277
s1616_ir0_lrc133_c11111111111,ILS,234,49,392
s1616_ir0_lrc133_c11111111111,ILS,219,40,818
s1616_ir0_lrc151_c11111111111,ILS,156,27,468
s1616_ir0_lrc151_c11111111111,ILS,156,27,355
s1616_ir0_lrc151_c11111111111,ILS,150,35,445
s1616_ir0_lrc151_c11111111111,ILS,152,27,175
s1616_ir0_lrc151_c11111111111,ILS,140,31,234
s1616_ir0_lrc153_c11111111111,ILS,144,27,170
s1616_ir0_lrc153_c11111111111,ILS,162,29,305
s1616_ir0_lrc153_c11111111111,ILS,149,32,258
s1616_ir0_lrc153_c11111111111,ILS,146,25,253
s1616_ir0_lrc153_c11111111111,ILS,145,32,269
s1616_ir0_lrc155_c11111111111,ILS,150,35,178
s1616_ir0_lrc155_c11111111111,ILS,152,31,226
s1616_ir0_lrc155_c11111111111,ILS,147,29,189
s1616_ir0_lrc155_c11111111111,ILS,152,27,407
s1616_ir0_lrc155_c11111111111,ILS,158,27,282
s1616_ir0_lrc185_c11111111111,ILS,109,13,69
s1616_ir0_lrc185_c11111111111,ILS,109,13,63
s1616_ir0_lrc185_c11111111111,ILS,109,13,61
s1616_ir0_lrc185_c11111111111,ILS,109,13,62
s1616_ir0_lrc185_c11111111111,ILS,109,13,76
s1616_ir1_lrc031_c11111111111,ILS,225,37,171
s1616_ir1_lrc031_c11111111111,ILS,226,42,200
s1616_ir1_lrc031_c11111111111,ILS,221,43,236
s1616_ir1_lrc031_c11111111111,ILS,220,52,182
s1616_ir1_lrc031_c11111111111,ILS,227,35,168
s1616_ir1_lrc033_c11111111111,ILS,232,36,132
s1616_ir1_lrc033_c11111111111,ILS,234,37,174
s1616_ir1_lrc033_c11111111111,ILS,225,35,291
s1616_ir1_lrc033_c11111111111,ILS,229,38,191
s1616_ir1_lrc033_c11111111111,ILS,229,37,235
s1616_ir1_lrc051_c11111111111,ILS,155,30,372
s1616_ir1_lrc051_c11111111111,ILS,162,30,320
s1616_ir1_lrc051_c11111111111,ILS,170,39,343
s1616_ir1_lrc051_c11111111111,ILS,167,29,224
s1616_ir1_lrc051_c11111111111,ILS,162,29,231
s1616_ir1_lrc053_c11111111111,ILS,158,27,167
s1616_ir1_lrc053_c11111111111,ILS,161,25,93
s1616_ir1_lrc053_c11111111111,ILS,160,29,321
s1616_ir1_lrc053_c11111111111,ILS,159,27,281
s1616_ir1_lrc053_c11111111111,ILS,167,33,224
s1616_ir1_lrc055_c11111111111,ILS,150,32,181
s1616_ir1_lrc055_c11111111111,ILS,160,29,256
s1616_ir1_lrc055_c11111111111,ILS,164,32,291
s1616_ir1_lrc055_c11111111111,ILS,152,31,193
s1616_ir1_lrc055_c11111111111,ILS,160,29,156
s1616_ir1_lrc085_c11111111111,ILS,130,24,103
s1616_ir1_lrc085_c11111111111,ILS,124,20,63
s1616_ir1_lrc085_c11111111111,ILS,137,21,133
s1616_ir1_lrc085_c11111111111,ILS,134,22,124
s1616_ir1_lrc085_c11111111111,ILS,133,19,151
s1616_ir1_lrc131_c11111111111,ILS,217,37,154
s1616_ir1_lrc131_c11111111111,ILS,230,41,238
s1616_ir1_lrc131_c11111111111,ILS,225,43,191
s1616_ir1_lrc131_c11111111111,ILS,231,41,222
s1616_ir1_lrc131_c11111111111,ILS,215,43,148
s1616_ir1_lrc133_c11111111111,ILS,221,45,268
s1616_ir1_lrc133_c11111111111,ILS,212,48,111
s1616_ir1_lrc133_c11111111111,ILS,215,47,343
s1616_ir1_lrc133_c11111111111,ILS,227,48,418
s1616_ir1_lrc133_c11111111111,ILS,228,45,135
s1616_ir1_lrc151_c11111111111,ILS,140,24,123
s1616_ir1_lrc151_c11111111111,ILS,143,23,291
s1616_ir1_lrc151_c11111111111,ILS,136,23,199
s1616_ir1_lrc151_c11111111111,ILS,141,26,98
s1616_ir1_lrc151_c11111111111,ILS,153,28,313
s1616_ir1_lrc153_c11111111111,ILS,146,24,180
s1616_ir1_lrc153_c11111111111,ILS,152,23,230
s1616_ir1_lrc153_c11111111111,ILS,158,28,352
s1616_ir1_lrc153_c11111111111,ILS,142,26,332
s1616_ir1_lrc153_c11111111111,ILS,144,30,380
s1616_ir1_lrc155_c11111111111,ILS,157,29,535
s1616_ir1_lrc155_c11111111111,ILS,147,31,548
s1616_ir1_lrc155_c11111111111,ILS,145,32,231
s1616_ir1_lrc155_c11111111111,ILS,146,24,165
s1616_ir1_lrc155_c11111111111,ILS,148,26,333
s1616_ir1_lrc185_c11111111111,ILS,130,36,153
s1616_ir1_lrc185_c11111111111,ILS,130,29,154
s1616_ir1_lrc185_c11111111111,ILS,130,36,227
s1616_ir1_lrc185_c11111111111,ILS,128,31,252
s1616_ir1_lrc185_c11111111111,ILS,128,34,138
s1616_ir2_lrc031_c11111111111,ILS,243,49,285
s1616_ir2_lrc031_c11111111111,ILS,239,49,436
s1616_ir2_lrc031_c11111111111,ILS,231,47,219
s1616_ir2_lrc031_c11111111111,ILS,226,51,362
s1616_ir2_lrc031_c11111111111,ILS,228,53,222
s1616_ir2_lrc033_c11111111111,ILS,230,53,195
s1616_ir2_lrc033_c11111111111,ILS,225,44,280
s1616_ir2_lrc033_c11111111111,ILS,232,50,195
s1616_ir2_lrc033_c11111111111,ILS,224,47,323
s1616_ir2_lrc033_c11111111111,ILS,237,51,412
s1616_ir2_lrc051_c11111111111,ILS,158,25,195
s1616_ir2_lrc051_c11111111111,ILS,158,23,74
s1616_ir2_lrc051_c11111111111,ILS,158,21,148
s1616_ir2_lrc051_c11111111111,ILS,158,21,170
s1616_ir2_lrc051_c11111111111,ILS,164,21,125
s1616_ir2_lrc053_c11111111111,ILS,158,22,204
s1616_ir2_lrc053_c11111111111,ILS,156,22,119
s1616_ir2_lrc053_c11111111111,ILS,158,21,68
s1616_ir2_lrc053_c11111111111,ILS,162,23,100
s1616_ir2_lrc053_c11111111111,ILS,158,21,72
s1616_ir2_lrc055_c11111111111,ILS,162,19,90
s1616_ir2_lrc055_c11111111111,ILS,158,27,124
s1616_ir2_lrc055_c11111111111,ILS,164,21,107
s1616_ir2_lrc055_c11111111111,ILS,162,19,96
s1616_ir2_lrc055_c11111111111,ILS,164,21,102
s1616_ir2_lrc085_c11111111111,ILS,136,26,328
s1616_ir2_lrc085_c11111111111,ILS,127,20,71
s1616_ir2_lrc085_c11111111111,ILS,126,18,137
s1616_ir2_lrc085_c11111111111,ILS,127,24,99
s1616_ir2_lrc085_c11111111111,ILS,129,18,112
s1616_ir2_lrc131_c11111111111,ILS,219,40,184
s1616_ir2_lrc131_c11111111111,ILS,221,46,172
s1616_ir2_lrc131_c11111111111,ILS,226,43,524
s1616_ir2_lrc131_c11111111111,ILS,221,41,306
s1616_ir2_lrc131_c11111111111,ILS,217,40,216
s1616_ir2_lrc133_c11111111111,ILS,231,45,289
s1616_ir2_lrc133_c11111111111,ILS,223,43,225
s1616_ir2_lrc133_c11111111111,ILS,222,40,290
s1616_ir2_lrc133_c11111111111,ILS,221,42,307
s1616_ir2_lrc133_c11111111111,ILS,221,40,326
s1616_ir2_lrc151_c11111111111,ILS,146,26,299
s1616_ir2_lrc151_c11111111111,ILS,149,32,393
s1616_ir2_lrc151_c11111111111,ILS,144,32,230
s1616_ir2_lrc151_c11111111111,ILS,147,38,319
s1616_ir2_lrc151_c11111111111,ILS,143,36,801
s1616_ir2_lrc153_c11111111111,ILS,152,36,244
s1616_ir2_lrc153_c11111111111,ILS,150,35,395
s1616_ir2_lrc153_c11111111111,ILS,160,32,345
s1616_ir2_lrc153_c11111111111,ILS,143,38,138
s1616_ir2_lrc153_c11111111111,ILS,150,35,399
s1616_is0_lrc031_c11111111111,ILS,170,30,99
s1616_is0_lrc031_c11111111111,ILS,185,23,148
s1616_is0_lrc031_c11111111111,ILS,178,32,74
s1616_is0_lrc031_c11111111111,ILS,181,27,73
s1616_is0_lrc031_c11111111111,ILS,180,35,138
s1616_is0_lrc033_c11111111111,ILS,177,29,150
s1616_is0_lrc033_c11111111111,ILS,182,31,62
s1616_is0_lrc033_c11111111111,ILS,181,25,166
s1616_is0_lrc033_c11111111111,ILS,179,27,104
s1616_is0_lrc033_c11111111111,ILS,175,31,214
s1616_is0_lrc051_c11111111111,ILS,123,21,121
s1616_is0_lrc051_c11111111111,ILS,125,21,83
s1616_is0_lrc051_c11111111111,ILS,130,25,139
s1616_is0_lrc051_c11111111111,ILS,123,21,94
s1616_is0_lrc051_c11111111111,ILS,121,19,70
s1616_is0_lrc053_c11111111111,ILS,125,21,97
s1616_is0_lrc053_c11111111111,ILS,120,19,76
s1616_is0_lrc053_c11111111111,ILS,121,19,116
s1616_is0_lrc053_c11111111111,ILS,130,27,90
s1616_is0_lrc053_c11111111111,ILS,121,19,104
s1616_ir0_lrc081_c11111111111,ILS,385,70,60
s1616_ir0_lrc081_c11111111111,ILS,388,84,76
s1616_ir0_lrc081_c11111111111,ILS,377,80,72
s1616_ir0_lrc081_c11111111111,ILS,381,72,72
s1616_ir0_lrc081_c11111111111,ILS,396,88,68
s1616_ir0_lrc181_c11111111111,ILS,527,88,73
s1616_ir0_lrc181_c11111111111,ILS,523,104,71
s1616_ir0_lrc181_c11111111111,ILS,517,98,65
s1616_ir0_lrc181_c11111111111,ILS,519,104,73
s1616_ir0_lrc181_c11111111111,ILS,521,94,71
s1616_ir1_lrc181_c11111111111,ILS,532,107,80
s1616_ir1_lrc181_c11111111111,ILS,525,102,61
s1616_ir1_lrc181_c11111111111,ILS,537,100,70
s1616_ir1_lrc181_c11111111111,ILS,533,98,63
s1616_ir1_lrc181_c11111111111,ILS,519,102,65
s1616_ir2_lrc155_c11111111111,ILS,143,32,62
s1616_ir2_lrc155_c11111111111,ILS,149,31,60
s1616_ir2_lrc155_c11111111111,ILS,147,39,60
s1616_ir2_lrc155_c11111111111,ILS,156,35,61
s1616_ir2_lrc155_c11111111111,ILS,151,32,73
s1616_ir2_lrc181_c11111111111,ILS,519,130,71
s1616_ir2_lrc181_c11111111111,ILS,525,132,65
s1616_ir2_lrc181_c11111111111,ILS,522,120,73
s1616_ir2_lrc181_c11111111111,ILS,529,117,75
s1616_ir2_lrc181_c11111111111,ILS,523,125,61
s1616_ir2_lrc185_c11111111111,ILS,129,32,81
s1616_ir2_lrc185_c11111111111,ILS,130,29,60
s1616_ir2_lrc185_c11111111111,ILS,128,24,63
s1616_ir2_lrc185_c11111111111,ILS,126,29,60
s1616_ir2_lrc185_c11111111111,ILS,134,29,76
s1616_is0_lrc055_c11111111111,ILS,122,17,71
s1616_is0_lrc055_c11111111111,ILS,125,19,60
s1616_is0_lrc055_c11111111111,ILS,118,20,69
s1616_is0_lrc055_c11111111111,ILS,120,19,61
s1616_is0_lrc055_c11111111111,ILS,121,19,69
s1616_is0_lrc085_c11111111111,ILS,92,18,64
s1616_is0_lrc085_c11111111111,ILS,92,12,68
s1616_is0_lrc085_c11111111111,ILS,85,15,60
s1616_is0_lrc085_c11111111111,ILS,96,15,60
s1616_is0_lrc085_c11111111111,ILS,88,11,60
s1616_is0_lrc131_c11111111111,ILS,174,30,60
s1616_is0_lrc131_c11111111111,ILS,164,29,61
s1616_is0_lrc131_c11111111111,ILS,174,41,67
s1616_is0_lrc131_c11111111111,ILS,172,38,62
s1616_is0_lrc131_c11111111111,ILS,166,38,60
s1616_is0_lrc133_c11111111111,ILS,170,35,60
s1616_is0_lrc133_c11111111111,ILS,166,30,61
s1616_is0_lrc133_c11111111111,ILS,171,36,60
s1616_is0_lrc133_c11111111111,ILS,172,32,68
s1616_is0_lrc133_c11111111111,ILS,171,35,61
s1616_is0_lrc151_c11111111111,ILS,111,24,61
s1616_is0_lrc151_c11111111111,ILS,116,20,65
s1616_is0_lrc151_c11111111111,ILS,110,25,60
s1616_is0_lrc151_c11111111111,ILS,115,21,60
s1616_is0_lrc151_c11111111111,ILS,97,22,63
s1616_is0_lrc155_c11111111111,ILS,107,25,61
s1616_is0_lrc155_c11111111111,ILS,111,25,60
s1616_is0_lrc155_c11111111111,ILS,105,25,60
s1616_is0_lrc155_c11111111111,ILS,102,22,60
s1616_is0_lrc155_c11111111111,ILS,107,22,61
s1616_is0_lrc181_c11111111111,ILS,423,85,61
s1616_is0_lrc181_c11111111111,ILS,425,72,65
s1616_is0_lrc181_c11111111111,ILS,430,72,69
s1616_is0_lrc181_c11111111111,ILS,429,70,61
s1616_is0_lrc181_c11111111111,ILS,428,84,67
s1616_is0_lrc185_c11111111111,ILS,90,9,65
s1616_is0_lrc185_c11111111111,ILS,96,17,64
s1616_is0_lrc185_c11111111111,ILS,90,9,60
s1616_is0_lrc185_c11111111111,ILS,96,11,73
s1616_is0_lrc185_c11111111111,ILS,90,9,62
s1616_is1_lrc031_c11111111111,ILS,171,30,63
s1616_is1_lrc031_c11111111111,ILS,172,22,60
s1616_is1_lrc031_c11111111111,ILS,178,34,64
s1616_is1_lrc031_c11111111111,ILS,167,25,77
s1616_is1_lrc031_c11111111111,ILS,171,33,61
s1616_is1_lrc033_c11111111111,ILS,170,26,60
s1616_is1_lrc033_c11111111111,ILS,179,28,60
s1616_is1_lrc033_c11111111111,ILS,175,28,60
s1616_is1_lrc033_c11111111111,ILS,167,36,60
s1616_is1_lrc033_c11111111111,ILS,176,30,66
s1616_is1_lrc051_c11111111111,ILS,116,20,60
s1616_is1_lrc051_c11111111111,ILS,120,22,64
s1616_is1_lrc051_c11111111111,ILS,117,19,61
s1616_is1_lrc051_c11111111111,ILS,116,22,66
s1616_is1_lrc051_c11111111111,ILS,116,22,61
s1616_is1_lrc053_c11111111111,ILS,116,20,67
s1616_is1_lrc053_c11111111111,ILS,116,22,80
s1616_is1_lrc053_c11111111111,ILS,116,22,65
s1616_is1_lrc053_c11111111111,ILS,116,22,65
s1616_is1_lrc053_c11111111111,ILS,118,22,60
s1616_is1_lrc055_c11111111111,ILS,122,22,69
s1616_is1_lrc055_c11111111111,ILS,118,22,73
s1616_is1_lrc055_c11111111111,ILS,120,24,74
s1616_is1_lrc055_c11111111111,ILS,123,21,62
s1616_is1_lrc055_c11111111111,ILS,118,22,73
s1616_is1_lrc081_c11111111111,ILS,298,59,62
s1616_is1_lrc081_c11111111111,ILS,296,65,64
s1616_is1_lrc081_c11111111111,ILS,300,61,61
s1616_is1_lrc081_c11111111111,ILS,301,57,60
s1616_is1_lrc081_c11111111111,ILS,300,55,63
s1616_is1_lrc085_c11111111111,ILS,101,15,64
s1616_is1_lrc085_c11111111111,ILS,109,19,60
s1616_is1_lrc085_c11111111111,ILS,103,17,60
s1616_is1_lrc085_c11111111111,ILS,99,12,68
s1616_is1_lrc085_c11111111111,ILS,109,23,65
s1616_is1_lrc131_c11111111111,ILS,166,24,60
s1616_is1_lrc131_c11111111111,ILS,169,26,65
s1616_is1_lrc131_c11111111111,ILS,169,26,60
s1616_is1_lrc131_c11111111111,ILS,174,24,63
s1616_is1_lrc131_c11111111111,ILS,168,20,63
s1616_is1_lrc133_c11111111111,ILS,178,28,61
s1616_is1_lrc133_c11111111111,ILS,172,36,61
s1616_is1_lrc133_c11111111111,ILS,173,24,66
s1616_is1_lrc133_c11111111111,ILS,171,22,70
s1616_is1_lrc133_c11111111111,ILS,175,38,65
s1616_is1_lrc151_c11111111111,ILS,112,25,68
s1616_is1_lrc151_c11111111111,ILS,115,24,62
s1616_is1_lrc151_c11111111111,ILS,117,26,60
s1616_is1_lrc151_c11111111111,ILS,124,21,70
s1616_is1_lrc151_c11111111111,ILS,117,21,65
s1616_is1_lrc153_c11111111111,ILS,119,23,70
s1616_is1_lrc153_c11111111111,ILS,115,23,68
s1616_is1_lrc153_c11111111111,ILS,116,32,60
s1616_is1_lrc153_c11111111111,ILS,115,21,65
s1616_is1_lrc153_c11111111111,ILS,128,28,70
s1616_is1_lrc155_c11111111111,ILS,115,28,64
s1616_is1_lrc155_c11111111111,ILS,108,23,61
s1616_is1_lrc155_c11111111111,ILS,121,34,62
s1616_is1_lrc155_c11111111111,ILS,120,31,63
s1616_is1_lrc155_c11111111111,ILS,119,21,61
s1616_is1_lrc181_c11111111111,ILS,432,77,64
s1616_is1_lrc181_c11111111111,ILS,433,72,69
s1616_is1_lrc181_c11111111111,ILS,438,66,60
s1616_is1_lrc181_c11111111111,ILS,436,77,68
s1616_is1_lrc181_c11111111111,ILS,433,73,72
s1616_is1_lrc185_c11111111111,ILS,100,15,67
s1616_is1_lrc185_c11111111111,ILS,92,19,62
s1616_is1_lrc185_c11111111111,ILS,94,17,65
s1616_is1_lrc185_c11111111111,ILS,96,20,63
s1616_is1_lrc185_c11111111111,ILS,92,11,63
s1616_is2_lrc031_c11111111111,ILS,162,27,60
s1616_is2_lrc031_c11111111111,ILS,164,23,62
s1616_is2_lrc031_c11111111111,ILS,154,28,60
s1616_is2_lrc031_c11111111111,ILS,162,32,61
s1616_is2_lrc031_c11111111111,ILS,163,32,69
s1616_is2_lrc051_c11111111111,ILS,118,32,60
s1616_is2_lrc051_c11111111111,ILS,125,22,64
s1616_is2_lrc051_c11111111111,ILS,125,24,61
s1616_is2_lrc051_c11111111111,ILS,118,23,67
s1616_is2_lrc051_c11111111111,ILS,119,27,75
s1616_is2_lrc053_c11111111111,ILS,115,23,66
s1616_is2_lrc053_c11111111111,ILS,123,25,70
s1616_is2_lrc053_c11111111111,ILS,122,21,77
s1616_is2_lrc053_c11111111111,ILS,123,27,79
s1616_is2_lrc053_c11111111111,ILS,127,23,66
s1616_is2_lrc055_c11111111111,ILS,123,23,64
s1616_is2_lrc055_c11111111111,ILS,118,22,63
s1616_is2_lrc055_c11111111111,ILS,117,29,66
s1616_is2_lrc055_c11111111111,ILS,119,22,61
s1616_is2_lrc055_c11111111111,ILS,127,16,60
s1616_is2_lrc085_c11111111111,ILS,96,16,80
s1616_is2_lrc085_c11111111111,ILS,103,18,61
s1616_is2_lrc085_c11111111111,ILS,96,19,70
s1616_is2_lrc085_c11111111111,ILS,93,12,63
s1616_is2_lrc085_c11111111111,ILS,86,16,60
s1616_is2_lrc131_c11111111111,ILS,164,31,63
s1616_is2_lrc131_c11111111111,ILS,164,30,60
s1616_is2_lrc131_c11111111111,ILS,157,21,61
s1616_is2_lrc131_c11111111111,ILS,157,34,60
s1616_is2_lrc131_c11111111111,ILS,169,25,64
s1616_is2_lrc133_c11111111111,ILS,167,23,66
s1616_is2_lrc133_c11111111111,ILS,162,25,64
s1616_is2_lrc133_c11111111111,ILS,157,21,67
s1616_is2_lrc133_c11111111111,ILS,169,25,65
s1616_is2_lrc133_c11111111111,ILS,165,33,68
s1616_is2_lrc151_c11111111111,ILS,108,25,63
s1616_is2_lrc151_c11111111111,ILS,109,26,60
s1616_is2_lrc151_c11111111111,ILS,104,16,63
s1616_is2_lrc151_c11111111111,ILS,106,21,63
s1616_is2_lrc151_c11111111111,ILS,101,22,66
s1616_is2_lrc153_c11111111111,ILS,112,25,62
s1616_is2_lrc153_c11111111111,ILS,96,14,64
s1616_is2_lrc153_c11111111111,ILS,103,19,61
s1616_is2_lrc153_c11111111111,ILS,112,19,60
s1616_is2_lrc153_c11111111111,ILS,103,21,66
s1616_is2_lrc155_c11111111111,ILS,103,24,67
s1616_is2_lrc155_c11111111111,ILS,105,16,62
s1616_is2_lrc155_c11111111111,ILS,102,21,60
s1616_is2_lrc155_c11111111111,ILS,116,21,60
s1616_is2_lrc155_c11111111111,ILS,109,20,62
s1616_is2_lrc181_c11111111111,ILS,408,78,70
s1616_is2_lrc181_c11111111111,ILS,404,101,63
s1616_is2_lrc181_c11111111111,ILS,405,78,62
s1616_is2_lrc181_c11111111111,ILS,402,79,60
s1616_is2_lrc181_c11111111111,ILS,399,76,64
s1616_is2_lrc185_c11111111111,ILS,84,13,68
s1616_is2_lrc185_c11111111111,ILS,96,14,63
s1616_is2_lrc185_c11111111111,ILS,97,15,69
s1616_is2_lrc185_c11111111111,ILS,90,15,69
s1616_is2_lrc185_c11111111111,ILS,82,17,61
s1616_ir0_lrc031_c00000000000,ILS,259,49,0
s1616_ir0_lrc031_c00000000000,ILS,259,43,0
s1616_ir0_lrc031_c00000000000,ILS,259,43,0
s1616_ir0_lrc031_c00000000000,ILS,259,53,0
s1616_ir0_lrc031_c00000000000,ILS,259,43,0
s1616_ir0_lrc033_c00000000000,ILS,259,47,0
s1616_ir0_lrc033_c00000000000,ILS,257,49,0
s1616_ir0_lrc033_c00000000000,ILS,259,47,0
s1616_ir0_lrc033_c00000000000,ILS,259,41,0
s1616_ir0_lrc033_c00000000000,ILS,259,49,0
s1616_ir0_lrc051_c00000000000,ILS,180,31,0
s1616_ir0_lrc051_c00000000000,ILS,180,31,0
s1616_ir0_lrc051_c00000000000,ILS,180,33,0
s1616_ir0_lrc051_c00000000000,ILS,180,35,0
s1616_ir0_lrc051_c00000000000,ILS,181,33,0
s1616_ir0_lrc053_c00000000000,ILS,180,31,0
s1616_ir0_lrc053_c00000000000,ILS,180,31,0
s1616_ir0_lrc053_c00000000000,ILS,180,33,0
s1616_ir0_lrc053_c00000000000,ILS,180,31,0
s1616_ir0_lrc053_c00000000000,ILS,181,31,0
s1616_ir0_lrc055_c00000000000,ILS,180,35,0
s1616_ir0_lrc055_c00000000000,ILS,180,31,0
s1616_ir0_lrc055_c00000000000,ILS,180,31,0
s1616_ir0_lrc055_c00000000000,ILS,180,31,0
s1616_ir0_lrc055_c00000000000,ILS,180,31,0
s1616_ir0_lrc081_c00000000000,ILS,412,83,0
s1616_ir0_lrc081_c00000000000,ILS,412,93,0
s1616_ir0_lrc081_c00000000000,ILS,412,97,0
s1616_ir0_lrc081_c00000000000,ILS,410,95,0
s1616_ir0_lrc081_c00000000000,ILS,412,87,0
s1616_ir0_lrc085_c00000000000,ILS,165,39,0
s1616_ir0_lrc085_c00000000000,ILS,166,35,0
s1616_ir0_lrc085_c00000000000,ILS,165,35,0
s1616_ir0_lrc085_c00000000000,ILS,166,37,0
s1616_ir0_lrc085_c00000000000,ILS,165,39,0
s1616_ir0_lrc131_c00000000000,ILS,252,48,0
s1616_ir0_lrc131_c00000000000,ILS,252,43,0
s1616_ir0_lrc131_c00000000000,ILS,252,48,0
s1616_ir0_lrc131_c00000000000,ILS,252,49,0
s1616_ir0_lrc131_c00000000000,ILS,252,45,0
s1616_ir0_lrc133_c00000000000,ILS,252,47,0
s1616_ir0_lrc133_c00000000000,ILS,252,43,0
s1616_ir0_lrc133_c00000000000,ILS,252,43,0
s1616_ir0_lrc133_c00000000000,ILS,252,45,0
s1616_ir0_lrc133_c00000000000,ILS,252,48,0
s1616_ir0_lrc151_c00000000000,ILS,177,37,0
s1616_ir0_lrc151_c00000000000,ILS,175,35,0
s1616_ir0_lrc151_c00000000000,ILS,175,35,0
s1616_ir0_lrc151_c00000000000,ILS,175,33,0
s1616_ir0_lrc151_c00000000000,ILS,175,33,0
s1616_ir0_lrc153_c00000000000,ILS,175,37,0
s1616_ir0_lrc153_c00000000000,ILS,175,33,0
s1616_ir0_lrc153_c00000000000,ILS,175,33,0
s1616_ir0_lrc153_c00000000000,ILS,175,33,0
s1616_ir0_lrc153_c00000000000,ILS,175,33,0
s1616_ir0_lrc155_c00000000000,ILS,175,33,0
s1616_ir0_lrc155_c00000000000,ILS,175,35,0
s1616_ir0_lrc155_c00000000000,ILS,175,33,0
s1616_ir0_lrc155_c00000000000,ILS,175,35,0
s1616_ir0_lrc155_c00000000000,ILS,175,35,0
s1616_ir0_lrc181_c00000000000,ILS,554,105,0
s1616_ir0_lrc181_c00000000000,ILS,554,107,0
s1616_ir0_lrc181_c00000000000,ILS,554,105,0
s1616_ir0_lrc181_c00000000000,ILS,554,99,0
s1616_ir0_lrc181_c00000000000,ILS,554,101,0
s1616_ir0_lrc185_c00000000000,ILS,117,13,0
s1616_ir0_lrc185_c00000000000,ILS,117,13,0
s1616_ir0_lrc185_c00000000000,ILS,117,13,0
s1616_ir0_lrc185_c00000000000,ILS,117,13,0
s1616_ir0_lrc185_c00000000000,ILS,117,13,0
s1616_ir1_lrc031_c00000000000,ILS,256,44,0
s1616_ir1_lrc031_c00000000000,ILS,256,44,0
s1616_ir1_lrc031_c00000000000,ILS,256,44,0
s1616_ir1_lrc031_c00000000000,ILS,256,46,0
s1616_ir1_lrc031_c00000000000,ILS,256,44,0
s1616_ir1_lrc033_c00000000000,ILS,256,44,0
s1616_ir1_lrc033_c00000000000,ILS,256,44,0
s1616_ir1_lrc033_c00000000000,ILS,256,46,0
s1616_ir1_lrc033_c00000000000,ILS,256,44,0
s1616_ir1_lrc033_c00000000000,ILS,256,46,0
s1616_ir1_lrc051_c00000000000,ILS,176,30,0
s1616_ir1_lrc051_c00000000000,ILS,176,30,0
s1616_ir1_lrc051_c00000000000,ILS,174,30,0
s1616_ir1_lrc051_c00000000000,ILS,176,30,0
s1616_ir1_lrc051_c00000000000,ILS,176,30,0
s1616_ir1_lrc053_c00000000000,ILS,176,29,0
s1616_ir1_lrc053_c00000000000,ILS,176,30,0
s1616_ir1_lrc053_c00000000000,ILS,176,30,0
s1616_ir1_lrc053_c00000000000,ILS,176,30,0
s1616_ir1_lrc053_c00000000000,ILS,176,30,0
s1616_ir1_lrc055_c00000000000,ILS,174,30,0
s1616_ir1_lrc055_c00000000000,ILS,174,30,0
s1616_ir1_lrc055_c00000000000,ILS,174,30,0
s1616_ir1_lrc055_c00000000000,ILS,176,30,0
s1616_ir1_lrc055_c00000000000,ILS,176,30,0
s1616_ir1_lrc081_c00000000000,ILS,440,89,0
s1616_ir1_lrc081_c00000000000,ILS,440,88,0
s1616_ir1_lrc081_c00000000000,ILS,440,89,0
s1616_ir1_lrc081_c00000000000,ILS,440,89,0
s1616_ir1_lrc081_c00000000000,ILS,440,87,0
s1616_ir1_lrc085_c00000000000,ILS,149,21,0
s1616_ir1_lrc085_c00000000000,ILS,149,25,0
s1616_ir1_lrc085_c00000000000,ILS,149,25,0
s1616_ir1_lrc085_c00000000000,ILS,149,25,0
s1616_ir1_lrc085_c00000000000,ILS,149,23,0
s1616_ir1_lrc131_c00000000000,ILS,242,47,0
s1616_ir1_lrc131_c00000000000,ILS,242,45,0
s1616_ir1_lrc131_c00000000000,ILS,242,49,0
s1616_ir1_lrc131_c00000000000,ILS,242,47,0
s1616_ir1_lrc131_c00000000000,ILS,242,43,0
s1616_ir1_lrc133_c00000000000,ILS,242,47,0
s1616_ir1_lrc133_c00000000000,ILS,243,44,0
s1616_ir1_lrc133_c00000000000,ILS,242,47,0
s1616_ir1_lrc133_c00000000000,ILS,241,42,0
s1616_ir1_lrc133_c00000000000,ILS,242,51,0
s1616_ir1_lrc151_c00000000000,ILS,173,32,0
s1616_ir1_lrc151_c00000000000,ILS,173,29,0
s1616_ir1_lrc151_c00000000000,ILS,173,35,0
s1616_ir1_lrc151_c00000000000,ILS,173,32,0
s1616_ir1_lrc151_c00000000000,ILS,173,32,0
s1616_ir1_lrc153_c00000000000,ILS,173,32,0
s1616_ir1_lrc153_c00000000000,ILS,173,32,0
s1616_ir1_lrc153_c00000000000,ILS,173,32,0
s1616_ir1_lrc153_c00000000000,ILS,171,33,0
s1616_ir1_lrc153_c00000000000,ILS,173,32,0
s1616_ir1_lrc155_c00000000000,ILS,173,32,0
s1616_ir1_lrc155_c00000000000,ILS,173,32,0
s1616_ir1_lrc155_c00000000000,ILS,173,32,0
s1616_ir1_lrc155_c00000000000,ILS,173,32,0
s1616_ir1_lrc155_c00000000000,ILS,173,33,0
s1616_ir1_lrc181_c00000000000,ILS,571,102,0
s1616_ir1_lrc181_c00000000000,ILS,571,106,0
s1616_ir1_lrc181_c00000000000,ILS,571,104,0
s1616_ir1_lrc181_c00000000000,ILS,571,102,0
s1616_ir1_lrc181_c00000000000,ILS,571,108,0
s1616_ir1_lrc185_c00000000000,ILS,154,42,0
s1616_ir1_lrc185_c00000000000,ILS,156,40,0
s1616_ir1_lrc185_c00000000000,ILS,152,40,0
s1616_ir1_lrc185_c00000000000,ILS,156,38,0
s1616_ir1_lrc185_c00000000000,ILS,154,42,0
s1616_ir2_lrc031_c00000000000,ILS,253,41,0
s1616_ir2_lrc031_c00000000000,ILS,253,48,0
s1616_ir2_lrc031_c00000000000,ILS,253,48,0
s1616_ir2_lrc031_c00000000000,ILS,253,46,0
s1616_ir2_lrc031_c00000000000,ILS,253,48,0
s1616_ir2_lrc033_c00000000000,ILS,253,50,0
s1616_ir2_lrc033_c00000000000,ILS,251,53,0
s1616_ir2_lrc033_c00000000000,ILS,253,52,0
s1616_ir2_lrc033_c00000000000,ILS,253,48,0
s1616_ir2_lrc033_c00000000000,ILS,253,48,0
s1616_ir2_lrc051_c00000000000,ILS,170,24,0
s1616_ir2_lrc051_c00000000000,ILS,170,26,0
s1616_ir2_lrc051_c00000000000,ILS,170,23,0
s1616_ir2_lrc051_c00000000000,ILS,170,23,0
s1616_ir2_lrc051_c00000000000,ILS,170,26,0
s1616_ir2_lrc053_c00000000000,ILS,170,23,0
s1616_ir2_lrc053_c00000000000,ILS,170,24,0
s1616_ir2_lrc053_c00000000000,ILS,170,24,0
s1616_ir2_lrc053_c00000000000,ILS,170,24,0
s1616_ir2_lrc053_c00000000000,ILS,170,23,0
s1616_ir2_lrc055_c00000000000,ILS,170,26,0
s1616_ir2_lrc055_c00000000000,ILS,170,24,0
s1616_ir2_lrc055_c00000000000,ILS,170,24,0
s1616_ir2_lrc055_c00000000000,ILS,170,26,0
s1616_ir2_lrc055_c00000000000,ILS,170,23,0
s1616_ir2_lrc081_c00000000000,ILS,440,97,0
s1616_ir2_lrc081_c00000000000,ILS,442,101,0
s1616_ir2_lrc081_c00000000000,ILS,442,99,0
s1616_ir2_lrc081_c00000000000,ILS,442,103,0
s1616_ir2_lrc081_c00000000000,ILS,438,95,0
s1616_ir2_lrc085_c00000000000,ILS,152,27,0
s1616_ir2_lrc085_c00000000000,ILS,152,23,0
s1616_ir2_lrc085_c00000000000,ILS,152,23,0
s1616_ir2_lrc085_c00000000000,ILS,152,23,0
s1616_ir2_lrc085_c00000000000,ILS,152,23,0
s1616_ir2_lrc131_c00000000000,ILS,242,51,0
s1616_ir2_lrc131_c00000000000,ILS,242,50,0
s1616_ir2_lrc131_c00000000000,ILS,242,52,0
s1616_ir2_lrc131_c00000000000,ILS,242,51,0
s1616_ir2_lrc131_c00000000000,ILS,242,50,0
s1616_ir2_lrc133_c00000000000,ILS,242,50,0
s1616_ir2_lrc133_c00000000000,ILS,242,51,0
s1616_ir2_lrc133_c00000000000,ILS,242,53,0
s1616_ir2_lrc133_c00000000000,ILS,242,50,0
s1616_ir2_lrc133_c00000000000,ILS,242,52,0
s1616_ir2_lrc151_c00000000000,ILS,173,36,0
s1616_ir2_lrc151_c00000000000,ILS,176,34,0
s1616_ir2_lrc151_c00000000000,ILS,175,30,0
s1616_ir2_lrc151_c00000000000,ILS,175,34,0
s1616_ir2_lrc151_c00000000000,ILS,177,34,0
s1616_ir2_lrc153_c00000000000,ILS,176,34,0
s1616_ir2_lrc153_c00000000000,ILS,175,30,0
s1616_ir2_lrc153_c00000000000,ILS,174,36,0
s1616_ir2_lrc153_c00000000000,ILS,173,36,0
s1616_ir2_lrc153_c00000000000,ILS,175,36,0
s1616_ir2_lrc155_c00000000000,ILS,177,36,0
s1616_ir2_lrc155_c00000000000,ILS,173,36,0
s1616_ir2_lrc155_c00000000000,ILS,177,34,0
s1616_ir2_lrc155_c00000000000,ILS,174,36,0
s1616_ir2_lrc155_c00000000000,ILS,177,34,0
s1616_ir2_lrc181_c00000000000,ILS,565,126,1
s1616_ir2_lrc181_c00000000000,ILS,565,120,1
s1616_ir2_lrc181_c00000000000,ILS,565,124,1
s1616_ir2_lrc181_c00000000000,ILS,565,122,1
s1616_ir2_lrc181_c00000000000,ILS,565,118,0
s1616_ir2_lrc185_c00000000000,ILS,149,34,0
s1616_ir2_lrc185_c00000000000,ILS,149,34,0
s1616_ir2_lrc185_c00000000000,ILS,149,34,0
s1616_ir2_lrc185_c00000000000,ILS,149,30,0
s1616_ir2_lrc185_c00000000000,ILS,149,28,0
s1616_is0_lrc031_c00000000000,ILS,191,27,0
s1616_is0_lrc031_c00000000000,ILS,191,27,0
s1616_is0_lrc031_c00000000000,ILS,191,25,0
s1616_is0_lrc031_c00000000000,ILS,189,27,0
s1616_is0_lrc031_c00000000000,ILS,191,23,0
s1616_is0_lrc033_c00000000000,ILS,191,25,0
s1616_is0_lrc033_c00000000000,ILS,191,25,0
s1616_is0_lrc033_c00000000000,ILS,191,25,0
s1616_is0_lrc033_c00000000000,ILS,191,23,0
s1616_is0_lrc033_c00000000000,ILS,191,23,0
s1616_is0_lrc051_c00000000000,ILS,145,27,0
s1616_is0_lrc051_c00000000000,ILS,143,27,0
s1616_is0_lrc051_c00000000000,ILS,145,29,0
s1616_is0_lrc051_c00000000000,ILS,145,27,0
s1616_is0_lrc051_c00000000000,ILS,145,27,0
s1616_is0_lrc053_c00000000000,ILS,145,27,0
s1616_is0_lrc053_c00000000000,ILS,145,27,0
s1616_is0_lrc053_c00000000000,ILS,143,27,0
s1616_is0_lrc053_c00000000000,ILS,143,29,0
s1616_is0_lrc053_c00000000000,ILS,143,27,0
s1616_is0_lrc055_c00000000000,ILS,145,27,0
s1616_is0_lrc055_c00000000000,ILS,145,27,0
s1616_is0_lrc055_c00000000000,ILS,141,27,0
s1616_is0_lrc055_c00000000000,ILS,143,27,0
s1616_is0_lrc055_c00000000000,ILS,143,27,0
s1616_is0_lrc081_c00000000000,ILS,331,71,0
s1616_is0_lrc081_c00000000000,ILS,329,73,0
s1616_is0_lrc081_c00000000000,ILS,331,69,0
s1616_is0_lrc081_c00000000000,ILS,331,69,0
s1616_is0_lrc081_c00000000000,ILS,331,67,0
s1616_is0_lrc085_c00000000000,ILS,116,17,0
s1616_is0_lrc085_c00000000000,ILS,116,17,0
s1616_is0_lrc085_c00000000000,ILS,116,17,0
s1616_is0_lrc085_c00000000000,ILS,116,19,0
s1616_is0_lrc085_c00000000000,ILS,116,17,0
s1616_is0_lrc131_c00000000000,ILS,188,30,0
s1616_is0_lrc131_c00000000000,ILS,188,30,0
s1616_is0_lrc131_c00000000000,ILS,186,28,0
s1616_is0_lrc131_c00000000000,ILS,188,28,0
s1616_is0_lrc131_c00000000000,ILS,188,30,0
s1616_is0_lrc133_c00000000000,ILS,188,30,0
s1616_is0_lrc133_c00000000000,ILS,186,32,0
s1616_is0_lrc133_c00000000000,ILS,186,32,0
s1616_is0_lrc133_c00000000000,ILS,186,30,0
s1616_is0_lrc133_c00000000000,ILS,186,30,0
s1616_is0_lrc151_c00000000000,ILS,130,26,0
s1616_is0_lrc151_c00000000000,ILS,130,20,0
s1616_is0_lrc151_c00000000000,ILS,131,20,0
s1616_is0_lrc151_c00000000000,ILS,131,22,0
s1616_is0_lrc151_c00000000000,ILS,130,18,0
s1616_is0_lrc153_c00000000000,ILS,131,20,0
s1616_is0_lrc153_c00000000000,ILS,132,20,0
s1616_is0_lrc153_c00000000000,ILS,131,20,0
s1616_is0_lrc153_c00000000000,ILS,132,18,0
s1616_is0_lrc153_c00000000000,ILS,131,18,0
s1616_is0_lrc155_c00000000000,ILS,130,20,0
s1616_is0_lrc155_c00000000000,ILS,130,20,0
s1616_is0_lrc155_c00000000000,ILS,130,26,0
s1616_is0_lrc155_c00000000000,ILS,131,20,0
s1616_is0_lrc155_c00000000000,ILS,130,22,0
s1616_is0_lrc181_c00000000000,ILS,439,75,0
s1616_is0_lrc181_c00000000000,ILS,439,70,0
s1616_is0_lrc181_c00000000000,ILS,439,72,0
s1616_is0_lrc181_c00000000000,ILS,439,74,0
s1616_is0_lrc181_c00000000000,ILS,439,74,0
s1616_is0_lrc185_c00000000000,ILS,105,15,0
s1616_is0_lrc185_c00000000000,ILS,105,15,0
s1616_is0_lrc185_c00000000000,ILS,105,15,0
s1616_is0_lrc185_c00000000000,ILS,105,15,0
s1616_is0_lrc185_c00000000000,ILS,105,15,0
s1616_is1_lrc031_c00000000000,ILS,193,32,0
s1616_is1_lrc031_c00000000000,ILS,193,32,0
s1616_is1_lrc031_c00000000000,ILS,190,38,0
s1616_is1_lrc031_c00000000000,ILS,190,36,0
s1616_is1_lrc031_c00000000000,ILS,192,36,0
s1616_is1_lrc033_c00000000000,ILS,193,36,0
s1616_is1_lrc033_c00000000000,ILS,192,40,0
s1616_is1_lrc033_c00000000000,ILS,190,36,0
s1616_is1_lrc033_c00000000000,ILS,192,38,0
s1616_is1_lrc033_c00000000000,ILS,193,32,0
s1616_is1_lrc051_c00000000000,ILS,134,24,0
s1616_is1_lrc051_c00000000000,ILS,134,24,0
s1616_is1_lrc051_c00000000000,ILS,134,24,0
s1616_is1_lrc051_c00000000000,ILS,134,24,0
s1616_is1_lrc051_c00000000000,ILS,134,24,0
s1616_is1_lrc053_c00000000000,ILS,134,24,0
s1616_is1_lrc053_c00000000000,ILS,134,24,0
s1616_is1_lrc053_c00000000000,ILS,134,24,0
s1616_is1_lrc053_c00000000000,ILS,134,24,0
s1616_is1_lrc053_c00000000000,ILS,134,24,0
s1616_is1_lrc055_c00000000000,ILS,134,24,0
s1616_is1_lrc055_c00000000000,ILS,134,24,0
s1616_is1_lrc055_c00000000000,ILS,134,24,0
s1616_is1_lrc055_c00000000000,ILS,134,24,0
s1616_is1_lrc055_c00000000000,ILS,134,24,0
s1616_is1_lrc081_c00000000000,ILS,314,61,0
s1616_is1_lrc081_c00000000000,ILS,314,61,0
s1616_is1_lrc081_c00000000000,ILS,314,65,0
s1616_is1_lrc081_c00000000000,ILS,313,62,0
s1616_is1_lrc081_c00000000000,ILS,312,65,0
s1616_is1_lrc085_c00000000000,ILS,125,23,0
s1616_is1_lrc085_c00000000000,ILS,125,21,0
s1616_is1_lrc085_c00000000000,ILS,125,25,0
s1616_is1_lrc085_c00000000000,ILS,125,23,0
s1616_is1_lrc085_c00000000000,ILS,125,21,0
s1616_is1_lrc131_c00000000000,ILS,186,28,0
s1616_is1_lrc131_c00000000000,ILS,186,28,0
s1616_is1_lrc131_c00000000000,ILS,186,28,0
s1616_is1_lrc131_c00000000000,ILS,186,28,0
s1616_is1_lrc131_c00000000000,ILS,186,28,0
s1616_is1_lrc133_c00000000000,ILS,186,28,0
s1616_is1_lrc133_c00000000000,ILS,186,26,0
s1616_is1_lrc133_c00000000000,ILS,186,28,0
s1616_is1_lrc133_c00000000000,ILS,186,28,0
s1616_is1_lrc133_c00000000000,ILS,186,28,0
s1616_is1_lrc151_c00000000000,ILS,136,25,0
s1616_is1_lrc151_c00000000000,ILS,136,23,0
s1616_is1_lrc151_c00000000000,ILS,136,23,0
s1616_is1_lrc151_c00000000000,ILS,136,23,0
s1616_is1_lrc151_c00000000000,ILS,136,23,0
s1616_is1_lrc153_c00000000000,ILS,136,27,0
s1616_is1_lrc153_c00000000000,ILS,136,23,0
s1616_is1_lrc153_c00000000000,ILS,136,23,0
s1616_is1_lrc153_c00000000000,ILS,136,27,0
s1616_is1_lrc153_c00000000000,ILS,136,23,0
s1616_is1_lrc155_c00000000000,ILS,136,25,0
s1616_is1_lrc155_c00000000000,ILS,136,23,0
s1616_is1_lrc155_c00000000000,ILS,136,23,0
s1616_is1_lrc155_c00000000000,ILS,136,23,0
s1616_is1_lrc155_c00000000000,ILS,136,29,0
s1616_is1_lrc181_c00000000000,ILS,455,83,0
s1616_is1_lrc181_c00000000000,ILS,455,84,0
s1616_is1_lrc181_c00000000000,ILS,455,85,0
s1616_is1_lrc181_c00000000000,ILS,455,83,0
s1616_is1_lrc181_c00000000000,ILS,455,87,0
s1616_is1_lrc185_c00000000000,ILS,109,19,0
s1616_is1_lrc185_c00000000000,ILS,109,19,0
s1616_is1_lrc185_c00000000000,ILS,109,19,0
s1616_is1_lrc185_c00000000000,ILS,109,19,0
s1616_is1_lrc185_c00000000000,ILS,109,21,0
s1616_is2_lrc031_c00000000000,ILS,181,31,0
s1616_is2_lrc031_c00000000000,ILS,181,31,0
s1616_is2_lrc031_c00000000000,ILS,181,31,0
s1616_is2_lrc031_c00000000000,ILS,181,29,0
s1616_is2_lrc031_c00000000000,ILS,178,29,0
s1616_is2_lrc033_c00000000000,ILS,180,36,0
s1616_is2_lrc033_c00000000000,ILS,181,35,0
s1616_is2_lrc033_c00000000000,ILS,180,36,0
s1616_is2_lrc033_c00000000000,ILS,181,35,0
s1616_is2_lrc033_c00000000000,ILS,181,29,0
s1616_is2_lrc051_c00000000000,ILS,141,27,0
s1616_is2_lrc051_c00000000000,ILS,141,27,0
s1616_is2_lrc051_c00000000000,ILS,141,23,0
s1616_is2_lrc051_c00000000000,ILS,140,25,0
s1616_is2_lrc051_c00000000000,ILS,141,23,0
s1616_is2_lrc053_c00000000000,ILS,141,23,0
s1616_is2_lrc053_c00000000000,ILS,139,25,0
s1616_is2_lrc053_c00000000000,ILS,139,21,0
s1616_is2_lrc053_c00000000000,ILS,141,23,0
s1616_is2_lrc053_c00000000000,ILS,138,27,0
s1616_is2_lrc055_c00000000000,ILS,141,23,0
s1616_is2_lrc055_c00000000000,ILS,141,23,0
s1616_is2_lrc055_c00000000000,ILS,141,27,0
s1616_is2_lrc055_c00000000000,ILS,139,25,0
s1616_is2_lrc055_c00000000000,ILS,139,21,0
s1616_is2_lrc081_c00000000000,ILS,283,56,0
s1616_is2_lrc081_c00000000000,ILS,283,60,0
s1616_is2_lrc081_c00000000000,ILS,283,58,0
s1616_is2_lrc081_c00000000000,ILS,283,60,0
s1616_is2_lrc081_c00000000000,ILS,281,60,0
s1616_is2_lrc085_c00000000000,ILS,113,18,0
s1616_is2_lrc085_c00000000000,ILS,113,18,0
s1616_is2_lrc085_c00000000000,ILS,113,18,0
s1616_is2_lrc085_c00000000000,ILS,113,18,0
s1616_is2_lrc085_c00000000000,ILS,113,18,0
s1616_is2_lrc131_c00000000000,ILS,176,24,0
s1616_is2_lrc131_c00000000000,ILS,176,24,0
s1616_is2_lrc131_c00000000000,ILS,176,24,0
s1616_is2_lrc131_c00000000000,ILS,176,24,0
s1616_is2_lrc131_c00000000000,ILS,176,24,0
s1616_is2_lrc133_c00000000000,ILS,176,24,0
s1616_is2_lrc133_c00000000000,ILS,176,24,0
s1616_is2_lrc133_c00000000000,ILS,176,24,0
s1616_is2_lrc133_c00000000000,ILS,176,24,0
s1616_is2_lrc133_c00000000000,ILS,176,24,0
s1616_is2_lrc151_c00000000000,ILS,127,23,0
s1616_is2_lrc151_c00000000000,ILS,129,23,0
s1616_is2_lrc151_c00000000000,ILS,127,25,0
s1616_is2_lrc151_c00000000000,ILS,127,25,0
s1616_is2_lrc151_c00000000000,ILS,129,23,0
s1616_is2_lrc153_c00000000000,ILS,127,25,0
s1616_is2_lrc153_c00000000000,ILS,129,25,0
s1616_is2_lrc153_c00000000000,ILS,129,23,0
s1616_is2_lrc153_c00000000000,ILS,129,21,0
s1616_is2_lrc153_c00000000000,ILS,129,25,0
s1616_is2_lrc155_c00000000000,ILS,127,23,0
s1616_is2_lrc155_c00000000000,ILS,129,21,0
s1616_is2_lrc155_c00000000000,ILS,127,27,0
s1616_is2_lrc155_c00000000000,ILS,127,23,0
s1616_is2_lrc155_c00000000000,ILS,129,23,0
s1616_is2_lrc181_c00000000000,ILS,421,78,0
s1616_is2_lrc181_c00000000000,ILS,421,80,0
s1616_is2_lrc181_c00000000000,ILS,421,80,0
s1616_is2_lrc181_c00000000000,ILS,421,78,0
s1616_is2_lrc181_c00000000000,ILS,421,76,0
s1616_is2_lrc185_c00000000000,ILS,109,13,0
s1616_is2_lrc185_c00000000000,ILS,109,13,0
s1616_is2_lrc185_c00000000000,ILS,107,15,0
s1616_is2_lrc185_c00000000000,ILS,104,17,0
s1616_is2_lrc185_c00000000000,ILS,104,17,0
s1616_ir0_lrc031_c01110001111,ILS,229,40,60
s1616_ir0_lrc031_c01110001111,ILS,229,50,60
s1616_ir0_lrc031_c01110001111,ILS,230,52,60
s1616_ir0_lrc031_c01110001111,ILS,228,56,60
s1616_ir0_lrc031_c01110001111,ILS,224,43,60
s1616_ir0_lrc033_c01110001111,ILS,226,39,60
s1616_ir0_lrc033_c01110001111,ILS,228,43,60
s1616_ir0_lrc033_c01110001111,ILS,225,40,60
s1616_ir0_lrc033_c01110001111,ILS,228,39,60
s1616_ir0_lrc033_c01110001111,ILS,226,39,60
s1616_ir0_lrc051_c01110001111,ILS,153,33,60
s1616_ir0_lrc051_c01110001111,ILS,148,33,60
s1616_ir0_lrc051_c01110001111,ILS,155,32,60
s1616_ir0_lrc051_c01110001111,ILS,157,30,60
s1616_ir0_lrc051_c01110001111,ILS,149,26,60
s1616_ir0_lrc053_c01110001111,ILS,152,31,60
s1616_ir0_lrc053_c01110001111,ILS,150,31,60
s1616_ir0_lrc053_c01110001111,ILS,150,32,60
s1616_ir0_lrc053_c01110001111,ILS,151,27,60
s1616_ir0_lrc053_c01110001111,ILS,151,30,60
s1616_ir0_lrc055_c01110001111,ILS,158,30,60
s1616_ir0_lrc055_c01110001111,ILS,147,26,60
s1616_ir0_lrc055_c01110001111,ILS,152,27,60
s1616_ir0_lrc055_c01110001111,ILS,156,29,60
s1616_ir0_lrc055_c01110001111,ILS,152,36,60
s1616_ir0_lrc081_c01110001111,ILS,400,86,60
s1616_ir0_lrc081_c01110001111,ILS,397,88,60
s1616_ir0_lrc081_c01110001111,ILS,395,83,60
s1616_ir0_lrc081_c01110001111,ILS,398,76,60
s1616_ir0_lrc081_c01110001111,ILS,392,81,60
s1616_ir0_lrc085_c01110001111,ILS,122,17,60
s1616_ir0_lrc085_c01110001111,ILS,125,21,60
s1616_ir0_lrc085_c01110001111,ILS,123,31,60
s1616_ir0_lrc085_c01110001111,ILS,125,21,60
s1616_ir0_lrc085_c01110001111,ILS,123,25,60
s1616_ir0_lrc131_c01110001111,ILS,214,36,60
s1616_ir0_lrc131_c01110001111,ILS,219,44,60
s1616_ir0_lrc131_c01110001111,ILS,213,37,60
s1616_ir0_lrc131_c01110001111,ILS,211,35,60
s1616_ir0_lrc131_c01110001111,ILS,219,40,60
s1616_ir0_lrc133_c01110001111,ILS,222,52,60
s1616_ir0_lrc133_c01110001111,ILS,219,40,60
s1616_ir0_lrc133_c01110001111,ILS,219,44,60
s1616_ir0_lrc133_c01110001111,ILS,216,41,60
s1616_ir0_lrc133_c01110001111,ILS,214,53,60
s1616_ir0_lrc151_c01110001111,ILS,141,29,60
s1616_ir0_lrc151_c01110001111,ILS,136,27,60
s1616_ir0_lrc151_c01110001111,ILS,146,33,60
s1616_ir0_lrc151_c01110001111,ILS,141,27,60
s1616_ir0_lrc151_c01110001111,ILS,140,34,60
s1616_ir0_lrc153_c01110001111,ILS,142,25,60
s1616_ir0_lrc153_c01110001111,ILS,137,40,60
s1616_ir0_lrc153_c01110001111,ILS,144,29,60
s1616_ir0_lrc153_c01110001111,ILS,134,31,60
s1616_ir0_lrc153_c01110001111,ILS,137,22,60
s1616_ir0_lrc155_c01110001111,ILS,132,32,60
s1616_ir0_lrc155_c01110001111,ILS,142,30,60
s1616_ir0_lrc155_c01110001111,ILS,142,28,60
s1616_ir0_lrc155_c01110001111,ILS,143,28,60
s1616_ir0_lrc155_c01110001111,ILS,135,33,60
s1616_ir0_lrc181_c01110001111,ILS,535,97,60
s1616_ir0_lrc181_c01110001111,ILS,535,110,60
s1616_ir0_lrc181_c01110001111,ILS,535,84,60
s1616_ir0_lrc181_c01110001111,ILS,540,104,60
s1616_ir0_lrc181_c01110001111,ILS,542,95,60
s1616_ir0_lrc185_c01110001111,ILS,109,13,60
s1616_ir0_lrc185_c01110001111,ILS,109,13,60
s1616_ir0_lrc185_c01110001111,ILS,109,13,60
s1616_ir0_lrc185_c01110001111,ILS,109,13,60
s1616_ir0_lrc185_c01110001111,ILS,109,13,60
s1616_ir1_lrc031_c01110001111,ILS,222,47,60
s1616_ir1_lrc031_c01110001111,ILS,227,43,60
s1616_ir1_lrc031_c01110001111,ILS,224,50,60
s1616_ir1_lrc031_c01110001111,ILS,229,49,60
s1616_ir1_lrc031_c01110001111,ILS,226,39,60
s1616_ir1_lrc033_c01110001111,ILS,220,39,60
s1616_ir1_lrc033_c01110001111,ILS,223,51,60
s1616_ir1_lrc033_c01110001111,ILS,222,66,60
s1616_ir1_lrc033_c01110001111,ILS,226,43,60
s1616_ir1_lrc033_c01110001111,ILS,225,33,60
s1616_ir1_lrc051_c01110001111,ILS,151,40,60
s1616_ir1_lrc051_c01110001111,ILS,151,27,60
s1616_ir1_lrc051_c01110001111,ILS,146,26,60
s1616_ir1_lrc051_c01110001111,ILS,146,29,60
s1616_ir1_lrc051_c01110001111,ILS,144,44,60
s1616_ir1_lrc053_c01110001111,ILS,145,30,60
s1616_ir1_lrc053_c01110001111,ILS,146,30,60
s1616_ir1_lrc053_c01110001111,ILS,148,30,60
s1616_ir1_lrc053_c01110001111,ILS,153,37,60
s1616_ir1_lrc053_c01110001111,ILS,148,26,60
s1616_ir1_lrc055_c01110001111,ILS,151,30,60
s1616_ir1_lrc055_c01110001111,ILS,154,30,60
s1616_ir1_lrc055_c01110001111,ILS,148,28,60
s1616_ir1_lrc055_c01110001111,ILS,148,26,60
s1616_ir1_lrc055_c01110001111,ILS,146,30,60
s1616_ir1_lrc081_c01110001111,ILS,412,81,60
s1616_ir1_lrc081_c01110001111,ILS,408,74,60
s1616_ir1_lrc081_c01110001111,ILS,408,94,60
s1616_ir1_lrc081_c01110001111,ILS,408,96,60
s1616_ir1_lrc081_c01110001111,ILS,404,84,60
s1616_ir1_lrc085_c01110001111,ILS,122,21,60
s1616_ir1_lrc085_c01110001111,ILS,123,24,60
s1616_ir1_lrc085_c01110001111,ILS,123,25,60
s1616_ir1_lrc085_c01110001111,ILS,120,21,60
s1616_ir1_lrc085_c01110001111,ILS,125,25,60
s1616_ir1_lrc131_c01110001111,ILS,211,42,60
s1616_ir1_lrc131_c01110001111,ILS,212,41,60
s1616_ir1_lrc131_c01110001111,ILS,213,43,60
s1616_ir1_lrc131_c01110001111,ILS,210,34,60
s1616_ir1_lrc131_c01110001111,ILS,211,39,60
s1616_ir1_lrc133_c01110001111,ILS,211,51,60
s1616_ir1_lrc133_c01110001111,ILS,213,42,60
s1616_ir1_lrc133_c01110001111,ILS,211,31,60
s1616_ir1_lrc133_c01110001111,ILS,218,28,60
s1616_ir1_lrc133_c01110001111,ILS,210,38,60
s1616_ir1_lrc151_c01110001111,ILS,134,23,60
s1616_ir1_lrc151_c01110001111,ILS,137,23,60
s1616_ir1_lrc151_c01110001111,ILS,142,27,60
s1616_ir1_lrc151_c01110001111,ILS,135,29,60
s1616_ir1_lrc151_c01110001111,ILS,137,25,60
s1616_ir1_lrc153_c01110001111,ILS,137,23,60
s1616_ir1_lrc153_c01110001111,ILS,135,24,60
s1616_ir1_lrc153_c01110001111,ILS,140,18,60
s1616_ir1_lrc153_c01110001111,ILS,133,27,60
s1616_ir1_lrc153_c01110001111,ILS,139,23,60
s1616_ir1_lrc155_c01110001111,ILS,141,27,60
s1616_ir1_lrc155_c01110001111,ILS,140,39,60
s1616_ir1_lrc155_c01110001111,ILS,134,29,60
s1616_ir1_lrc155_c01110001111,ILS,136,21,60
s1616_ir1_lrc155_c01110001111,ILS,141,25,60
s1616_ir1_lrc181_c01110001111,ILS,548,108,60
s1616_ir1_lrc181_c01110001111,ILS,540,116,60
s1616_ir1_lrc181_c01110001111,ILS,550,99,60
s1616_ir1_lrc181_c01110001111,ILS,547,112,60
s1616_ir1_lrc181_c01110001111,ILS,548,100,60
s1616_ir1_lrc185_c01110001111,ILS,121,23,60
s1616_ir1_lrc185_c01110001111,ILS,120,16,60
s1616_ir1_lrc185_c01110001111,ILS,117,18,60
s1616_ir1_lrc185_c01110001111,ILS,109,11,60
s1616_ir1_lrc185_c01110001111,ILS,119,22,60
s1616_ir2_lrc031_c01110001111,ILS,224,44,60
s1616_ir2_lrc031_c01110001111,ILS,222,53,60
s1616_ir2_lrc031_c01110001111,ILS,218,47,60
s1616_ir2_lrc031_c01110001111,ILS,216,66,60
s1616_ir2_lrc031_c01110001111,ILS,232,44,60
s1616_ir2_lrc033_c01110001111,ILS,225,39,60
s1616_ir2_lrc033_c01110001111,ILS,224,53,60
s1616_ir2_lrc033_c01110001111,ILS,225,45,60
s1616_ir2_lrc033_c01110001111,ILS,221,45,60
s1616_ir2_lrc033_c01110001111,ILS,226,46,60
s1616_ir2_lrc051_c01110001111,ILS,150,29,60
s1616_ir2_lrc051_c01110001111,ILS,153,34,60
s1616_ir2_lrc051_c01110001111,ILS,155,31,60
s1616_ir2_lrc051_c01110001111,ILS,151,29,60
s1616_ir2_lrc051_c01110001111,ILS,158,28,60
s1616_ir2_lrc053_c01110001111,ILS,147,26,60
s1616_ir2_lrc053_c01110001111,ILS,156,38,60
s1616_ir2_lrc053_c01110001111,ILS,163,38,60
s1616_ir2_lrc053_c01110001111,ILS,154,27,60
s1616_ir2_lrc053_c01110001111,ILS,153,26,60
s1616_ir2_lrc055_c01110001111,ILS,155,25,60
s1616_ir2_lrc055_c01110001111,ILS,147,31,60
s1616_ir2_lrc055_c01110001111,ILS,159,39,60
s1616_ir2_lrc055_c01110001111,ILS,155,32,60
s1616_ir2_lrc055_c01110001111,ILS,151,41,60
s1616_ir2_lrc081_c01110001111,ILS,410,90,60
s1616_ir2_lrc081_c01110001111,ILS,402,91,60
s1616_ir2_lrc081_c01110001111,ILS,414,90,60
s1616_ir2_lrc081_c01110001111,ILS,409,97,60
s1616_ir2_lrc081_c01110001111,ILS,400,105,60
s1616_ir2_lrc085_c01110001111,ILS,125,22,60
s1616_ir2_lrc085_c01110001111,ILS,119,23,60
s1616_ir2_lrc085_c01110001111,ILS,128,31,60
s1616_ir2_lrc085_c01110001111,ILS,120,21,60
s1616_ir2_lrc085_c01110001111,ILS,114,18,60
s1616_ir2_lrc131_c01110001111,ILS,220,46,60
s1616_ir2_lrc131_c01110001111,ILS,219,38,60
s1616_ir2_lrc131_c01110001111,ILS,219,40,60
s1616_ir2_lrc131_c01110001111,ILS,207,38,60
s1616_ir2_lrc131_c01110001111,ILS,216,48,60
s1616_ir2_lrc133_c01110001111,ILS,216,31,60
s1616_ir2_lrc133_c01110001111,ILS,216,38,60
s1616_ir2_lrc133_c01110001111,ILS,209,37,60
s1616_ir2_lrc133_c01110001111,ILS,218,37,60
s1616_ir2_lrc133_c01110001111,ILS,214,33,60
s1616_ir2_lrc151_c01110001111,ILS,139,31,60
s1616_ir2_lrc151_c01110001111,ILS,147,33,60
s1616_ir2_lrc151_c01110001111,ILS,146,35,60
s1616_ir2_lrc151_c01110001111,ILS,140,33,60
s1616_ir2_lrc151_c01110001111,ILS,144,34,60
s1616_ir2_lrc153_c01110001111,ILS,147,37,60
s1616_ir2_lrc153_c01110001111,ILS,142,36,60
s1616_ir2_lrc153_c01110001111,ILS,144,27,60
s1616_ir2_lrc153_c01110001111,ILS,138,41,60
s1616_ir2_lrc153_c01110001111,ILS,140,32,60
s1616_ir2_lrc155_c01110001111,ILS,136,28,60
s1616_ir2_lrc155_c01110001111,ILS,141,26,60
s1616_ir2_lrc155_c01110001111,ILS,137,19,60
s1616_ir2_lrc155_c01110001111,ILS,140,38,60
s1616_ir2_lrc155_c01110001111,ILS,140,33,60
s1616_ir2_lrc181_c01110001111,ILS,532,111,60
s1616_ir2_lrc181_c01110001111,ILS,539,108,60
s1616_ir2_lrc181_c01110001111,ILS,531,102,60
s1616_ir2_lrc181_c01110001111,ILS,531,107,60
s1616_ir2_lrc181_c01110001111,ILS,521,100,60
s1616_ir2_lrc185_c01110001111,ILS,122,29,60
s1616_ir2_lrc185_c01110001111,ILS,122,26,60
s1616_ir2_lrc185_c01110001111,ILS,123,19,60
s1616_ir2_lrc185_c01110001111,ILS,120,26,60
s1616_ir2_lrc185_c01110001111,ILS,123,24,60
s1616_is0_lrc031_c01110001111,ILS,165,29,60
s1616_is0_lrc031_c01110001111,ILS,167,35,60
s1616_is0_lrc031_c01110001111,ILS,160,26,60
s1616_is0_lrc031_c01110001111,ILS,161,38,60
s1616_is0_lrc031_c01110001111,ILS,166,26,60
s1616_is0_lrc033_c01110001111,ILS,165,36,60
s1616_is0_lrc033_c01110001111,ILS,166,27,60
s1616_is0_lrc033_c01110001111,ILS,168,35,60
s1616_is0_lrc033_c01110001111,ILS,168,37,60
s1616_is0_lrc033_c01110001111,ILS,166,35,60
s1616_is0_lrc051_c01110001111,ILS,116,19,60
s1616_is0_lrc051_c01110001111,ILS,111,26,60
s1616_is0_lrc051_c01110001111,ILS,119,21,60
s1616_is0_lrc051_c01110001111,ILS,117,29,60
s1616_is0_lrc051_c01110001111,ILS,118,19,60
s1616_is0_lrc053_c01110001111,ILS,118,17,60
s1616_is0_lrc053_c01110001111,ILS,113,19,60
s1616_is0_lrc053_c01110001111,ILS,107,24,60
s1616_is0_lrc053_c01110001111,ILS,118,14,60
s1616_is0_lrc053_c01110001111,ILS,116,24,60
s1616_is0_lrc055_c01110001111,ILS,116,18,60
s1616_is0_lrc055_c01110001111,ILS,117,18,60
s1616_is0_lrc055_c01110001111,ILS,117,21,60
s1616_is0_lrc055_c01110001111,ILS,110,24,60
s1616_is0_lrc055_c01110001111,ILS,118,20,60
s1616_is0_lrc081_c01110001111,ILS,299,67,60
s1616_is0_lrc081_c01110001111,ILS,296,54,60
s1616_is0_lrc081_c01110001111,ILS,295,66,60
s1616_is0_lrc081_c01110001111,ILS,298,60,60
s1616_is0_lrc081_c01110001111,ILS,299,69,60
s1616_is0_lrc085_c01110001111,ILS,89,12,60
s1616_is0_lrc085_c01110001111,ILS,92,17,60
s1616_is0_lrc085_c01110001111,ILS,87,16,60
s1616_is0_lrc085_c01110001111,ILS,85,18,60
s1616_is0_lrc085_c01110001111,ILS,86,15,372
s1616_is0_lrc131_c01110001111,ILS,166,30,970
s1616_is0_lrc131_c01110001111,ILS,178,38,867
s1616_is0_lrc131_c01110001111,ILS,162,21,60
s1616_is0_lrc131_c01110001111,ILS,162,21,1106
s1616_is0_lrc131_c01110001111,ILS,169,26,618
s1616_is0_lrc133_c01110001111,ILS,168,27,67
s1616_is0_lrc133_c01110001111,ILS,166,30,647
s1616_is0_lrc133_c01110001111,ILS,168,32,60
s1616_is0_lrc133_c01110001111,ILS,167,34,66
s1616_is0_lrc133_c01110001111,ILS,160,21,60
