name,solver,length,turns,time,status
s128128_is1_lrc133_c00000000000,ILS,11522,1019,11,SUBOPTIMAL
s128128_is1_lrc133_c00000000000,ILS,11514,1001,12,SUBOPTIMAL
s128128_is1_lrc133_c00000000000,ILS,11516,1015,11,SUBOPTIMAL
s128128_is1_lrc133_c00000000000,ILS,11508,1027,11,SUBOPTIMAL
s128128_is1_lrc133_c00000000000,ILS,11512,1013,13,SUBOPTIMAL
s128128_is2_lrc055_c00000000000,ILS,8098,805,10,SUBOPTIMAL
s128128_is2_lrc055_c00000000000,ILS,8102,817,9,SUBOPTIMAL
s128128_is2_lrc055_c00000000000,ILS,8098,807,11,SUBOPTIMAL
s128128_is2_lrc055_c00000000000,ILS,8100,805,11,SUBOPTIMAL
s128128_is2_lrc055_c00000000000,ILS,8095,822,10,SUBOPTIMAL
s1616_ir0_lrc151_c00000000000,ILS,175,33,0,SUBOPTIMAL
s1616_ir0_lrc151_c00000000000,ILS,175,33,0,SUBOPTIMAL
s1616_ir0_lrc151_c00000000000,ILS,175,33,0,SUBOPTIMAL
s1616_ir0_lrc151_c00000000000,ILS,175,35,0,SUBOPTIMAL
s1616_ir0_lrc151_c00000000000,ILS,175,35,0,SUBOPTIMAL
s1616_ir1_lrc131_c00000000000,ILS,242,47,0,SUBOPTIMAL
s1616_ir1_lrc131_c00000000000,ILS,245,46,0,SUBOPTIMAL
s1616_ir1_lrc131_c00000000000,ILS,245,46,0,SUBOPTIMAL
s1616_ir1_lrc131_c00000000000,ILS,242,47,0,SUBOPTIMAL
s1616_ir1_lrc131_c00000000000,ILS,243,42,0,SUBOPTIMAL
s1616_ir1_lrc185_c00000000000,ILS,156,38,0,SUBOPTIMAL
s1616_ir1_lrc185_c00000000000,ILS,154,42,0,SUBOPTIMAL
s1616_ir1_lrc185_c00000000000,ILS,154,40,0,SUBOPTIMAL
s1616_ir1_lrc185_c00000000000,ILS,156,40,0,SUBOPTIMAL
s1616_ir1_lrc185_c00000000000,ILS,154,38,0,SUBOPTIMAL
s1616_ir2_lrc053_c00000000000,ILS,170,25,0,SUBOPTIMAL
s1616_ir2_lrc053_c00000000000,ILS,170,24,0,SUBOPTIMAL
s1616_ir2_lrc053_c00000000000,ILS,170,23,0,SUBOPTIMAL
s1616_ir2_lrc053_c00000000000,ILS,170,23,0,SUBOPTIMAL
s1616_ir2_lrc053_c00000000000,ILS,170,23,0,SUBOPTIMAL
s1616_is1_lrc155_c00000000000,ILS,136,23,0,SUBOPTIMAL
s1616_is1_lrc155_c00000000000,ILS,136,23,0,SUBOPTIMAL
s1616_is1_lrc155_c00000000000,ILS,136,25,0,SUBOPTIMAL
s1616_is1_lrc155_c00000000000,ILS,136,27,0,SUBOPTIMAL
s1616_is1_lrc155_c00000000000,ILS,136,25,0,SUBOPTIMAL
s1616_is2_lrc185_c00000000000,ILS,109,13,0,SUBOPTIMAL
s1616_is2_lrc185_c00000000000,ILS,109,13,0,SUBOPTIMAL
s1616_is2_lrc185_c00000000000,ILS,109,13,0,SUBOPTIMAL
s1616_is2_lrc185_c00000000000,ILS,108,21,0,SUBOPTIMAL
s1616_is2_lrc185_c00000000000,ILS,109,13,0,SUBOPTIMAL
s6464_ir1_lrc181_c00000000000,ILS,8425,1187,30,SUBOPTIMAL
s6464_ir1_lrc181_c00000000000,ILS,8427,1204,28,SUBOPTIMAL
s6464_ir1_lrc181_c00000000000,ILS,8426,1200,32,SUBOPTIMAL
s6464_ir1_lrc181_c00000000000,ILS,8426,1192,20,SUBOPTIMAL
s6464_ir1_lrc181_c00000000000,ILS,8425,1211,21,SUBOPTIMAL
s6464_is2_lrc133_c00000000000,ILS,3007,333,1,SUBOPTIMAL
s6464_is2_lrc133_c00000000000,ILS,3003,338,1,SUBOPTIMAL
s6464_is2_lrc133_c00000000000,ILS,3007,340,1,SUBOPTIMAL
s6464_is2_lrc133_c00000000000,ILS,3007,332,1,SUBOPTIMAL
s6464_is2_lrc133_c00000000000,ILS,3007,326,1,SUBOPTIMAL
s128128_is1_lrc133_c10000000000,ILS,11133,781,1200,SUBOPTIMAL
s128128_is1_lrc133_c10000000000,ILS,11105,769,1200,SUBOPTIMAL
s128128_is1_lrc133_c10000000000,ILS,11103,753,1200,SUBOPTIMAL
s128128_is1_lrc133_c10000000000,ILS,11107,779,1200,SUBOPTIMAL
s128128_is1_lrc133_c10000000000,ILS,11087,783,1200,SUBOPTIMAL
s128128_is1_lrc133_c01000000000,ILS,10939,714,1201,SUBOPTIMAL
s128128_is1_lrc133_c01000000000,ILS,10856,745,1205,SUBOPTIMAL
s128128_is1_lrc133_c01000000000,ILS,10851,724,1200,SUBOPTIMAL
s128128_is1_lrc133_c01000000000,ILS,10894,723,1205,SUBOPTIMAL
s128128_is1_lrc133_c01000000000,ILS,10878,727,1201,SUBOPTIMAL
s128128_is1_lrc133_c00001000000,ILS,10924,1182,1208,SUBOPTIMAL
s128128_is1_lrc133_c00001000000,ILS,10978,1180,1200,SUBOPTIMAL
s128128_is1_lrc133_c00001000000,ILS,10917,1176,1207,SUBOPTIMAL
s128128_is1_lrc133_c00001000000,ILS,10920,1198,1203,SUBOPTIMAL
s128128_is1_lrc133_c00001000000,ILS,10914,1262,1207,SUBOPTIMAL
s128128_is2_lrc055_c10000000000,ILS,7575,481,1200,SUBOPTIMAL
s128128_is2_lrc055_c10000000000,ILS,7600,501,1200,SUBOPTIMAL
s128128_is2_lrc055_c10000000000,ILS,7581,492,1200,SUBOPTIMAL
s128128_is2_lrc055_c10000000000,ILS,7553,490,1200,SUBOPTIMAL
s128128_is2_lrc055_c10000000000,ILS,7532,479,1200,SUBOPTIMAL
s128128_is2_lrc055_c01000000000,ILS,7415,416,1202,SUBOPTIMAL
s128128_is2_lrc055_c01000000000,ILS,7439,454,1206,SUBOPTIMAL
s128128_is2_lrc055_c01000000000,ILS,7438,429,1204,SUBOPTIMAL
s128128_is2_lrc055_c01000000000,ILS,7378,447,1202,SUBOPTIMAL
s128128_is2_lrc055_c01000000000,ILS,7457,454,1201,SUBOPTIMAL
s128128_is2_lrc055_c00001000000,ILS,7440,826,1203,SUBOPTIMAL
s128128_is2_lrc055_c00001000000,ILS,7465,835,1204,SUBOPTIMAL
s128128_is2_lrc055_c00001000000,ILS,7498,859,1203,SUBOPTIMAL
s128128_is2_lrc055_c00001000000,ILS,7402,923,1200,SUBOPTIMAL
s128128_is2_lrc055_c00001000000,ILS,7439,841,1205,SUBOPTIMAL
s1616_ir0_lrc151_c10000000000,ILS,156,27,60,SUBOPTIMAL
s1616_ir0_lrc151_c10000000000,ILS,156,25,60,SUBOPTIMAL
s1616_ir0_lrc151_c10000000000,ILS,156,25,60,SUBOPTIMAL
s1616_ir0_lrc151_c10000000000,ILS,156,25,60,SUBOPTIMAL
s1616_ir0_lrc151_c10000000000,ILS,156,25,60,SUBOPTIMAL
s1616_ir0_lrc151_c01000000000,ILS,152,27,60,SUBOPTIMAL
s1616_ir0_lrc151_c01000000000,ILS,148,25,60,SUBOPTIMAL
s1616_ir0_lrc151_c01000000000,ILS,148,23,60,SUBOPTIMAL
s1616_ir0_lrc151_c01000000000,ILS,146,19,60,SUBOPTIMAL
s1616_ir0_lrc151_c01000000000,ILS,150,27,60,SUBOPTIMAL
s1616_ir0_lrc151_c00001000000,ILS,151,29,60,SUBOPTIMAL
s1616_ir0_lrc151_c00001000000,ILS,150,27,60,SUBOPTIMAL
s1616_ir0_lrc151_c00001000000,ILS,157,31,60,SUBOPTIMAL
s1616_ir0_lrc151_c00001000000,ILS,154,35,60,SUBOPTIMAL
s1616_ir0_lrc151_c00001000000,ILS,150,29,60,SUBOPTIMAL
s1616_ir1_lrc131_c10000000000,ILS,235,38,60,SUBOPTIMAL
s1616_ir1_lrc131_c10000000000,ILS,229,35,60,SUBOPTIMAL
s1616_ir1_lrc131_c10000000000,ILS,227,32,60,SUBOPTIMAL
s1616_ir1_lrc131_c10000000000,ILS,225,34,60,SUBOPTIMAL
s1616_ir1_lrc131_c10000000000,ILS,229,33,60,SUBOPTIMAL
s1616_ir1_lrc131_c01000000000,ILS,223,29,60,SUBOPTIMAL
s1616_ir1_lrc131_c01000000000,ILS,215,39,60,SUBOPTIMAL
s1616_ir1_lrc131_c01000000000,ILS,227,36,60,SUBOPTIMAL
s1616_ir1_lrc131_c01000000000,ILS,223,39,60,SUBOPTIMAL
s1616_ir1_lrc131_c01000000000,ILS,218,33,60,SUBOPTIMAL
s1616_ir1_lrc131_c00001000000,ILS,219,39,60,SUBOPTIMAL
s1616_ir1_lrc131_c00001000000,ILS,217,44,60,SUBOPTIMAL
s1616_ir1_lrc131_c00001000000,ILS,219,37,60,SUBOPTIMAL
s1616_ir1_lrc131_c00001000000,ILS,221,43,60,SUBOPTIMAL
s1616_ir1_lrc131_c00001000000,ILS,219,33,60,SUBOPTIMAL
s1616_ir1_lrc185_c10000000000,ILS,140,28,60,SUBOPTIMAL
s1616_ir1_lrc185_c10000000000,ILS,136,30,60,SUBOPTIMAL
s1616_ir1_lrc185_c10000000000,ILS,138,28,60,SUBOPTIMAL
s1616_ir1_lrc185_c10000000000,ILS,138,28,60,SUBOPTIMAL
s1616_ir1_lrc185_c10000000000,ILS,136,30,60,SUBOPTIMAL
s1616_ir1_lrc185_c01000000000,ILS,130,30,60,SUBOPTIMAL
s1616_ir1_lrc185_c01000000000,ILS,124,24,60,SUBOPTIMAL
s1616_ir1_lrc185_c01000000000,ILS,130,30,60,SUBOPTIMAL
s1616_ir1_lrc185_c01000000000,ILS,126,28,60,SUBOPTIMAL
s1616_ir1_lrc185_c01000000000,ILS,122,26,60,SUBOPTIMAL
s1616_ir1_lrc185_c00001000000,ILS,142,40,60,SUBOPTIMAL
s1616_ir1_lrc185_c00001000000,ILS,138,38,60,SUBOPTIMAL
s1616_ir1_lrc185_c00001000000,ILS,138,38,60,SUBOPTIMAL
s1616_ir1_lrc185_c00001000000,ILS,138,38,60,SUBOPTIMAL
s1616_ir1_lrc185_c00001000000,ILS,142,38,60,SUBOPTIMAL
s1616_ir2_lrc053_c10000000000,ILS,162,19,60,SUBOPTIMAL
s1616_ir2_lrc053_c10000000000,ILS,162,22,60,SUBOPTIMAL
s1616_ir2_lrc053_c10000000000,ILS,162,19,60,SUBOPTIMAL
s1616_ir2_lrc053_c10000000000,ILS,162,24,60,SUBOPTIMAL
s1616_ir2_lrc053_c10000000000,ILS,162,19,60,SUBOPTIMAL
s1616_ir2_lrc053_c01000000000,ILS,162,20,60,SUBOPTIMAL
s1616_ir2_lrc053_c01000000000,ILS,162,19,60,SUBOPTIMAL
s1616_ir2_lrc053_c01000000000,ILS,168,22,60,SUBOPTIMAL
s1616_ir2_lrc053_c01000000000,ILS,162,19,60,SUBOPTIMAL
s1616_ir2_lrc053_c01000000000,ILS,162,19,60,SUBOPTIMAL
s1616_ir2_lrc053_c00001000000,ILS,162,22,60,SUBOPTIMAL
s1616_ir2_lrc053_c00001000000,ILS,160,24,60,SUBOPTIMAL
s1616_ir2_lrc053_c00001000000,ILS,162,22,60,SUBOPTIMAL
s1616_ir2_lrc053_c00001000000,ILS,160,24,60,SUBOPTIMAL
s1616_ir2_lrc053_c00001000000,ILS,160,24,60,SUBOPTIMAL
s1616_is1_lrc155_c10000000000,ILS,123,19,60,SUBOPTIMAL
s1616_is1_lrc155_c10000000000,ILS,130,19,60,SUBOPTIMAL
s1616_is1_lrc155_c10000000000,ILS,129,19,60,SUBOPTIMAL
s1616_is1_lrc155_c10000000000,ILS,130,19,60,SUBOPTIMAL
s1616_is1_lrc155_c10000000000,ILS,129,21,60,SUBOPTIMAL
s1616_is1_lrc155_c01000000000,ILS,130,19,60,SUBOPTIMAL
s1616_is1_lrc155_c01000000000,ILS,116,17,60,SUBOPTIMAL
s1616_is1_lrc155_c01000000000,ILS,120,19,60,SUBOPTIMAL
s1616_is1_lrc155_c01000000000,ILS,130,19,60,SUBOPTIMAL
s1616_is1_lrc155_c01000000000,ILS,121,23,60,SUBOPTIMAL
s1616_is1_lrc155_c00001000000,ILS,125,23,60,SUBOPTIMAL
s1616_is1_lrc155_c00001000000,ILS,125,21,60,SUBOPTIMAL
s1616_is1_lrc155_c00001000000,ILS,125,25,60,SUBOPTIMAL
s1616_is1_lrc155_c00001000000,ILS,125,21,60,SUBOPTIMAL
s1616_is1_lrc155_c00001000000,ILS,123,21,60,SUBOPTIMAL
s1616_is2_lrc185_c10000000000,ILS,101,11,60,SUBOPTIMAL
s1616_is2_lrc185_c10000000000,ILS,100,14,60,SUBOPTIMAL
s1616_is2_lrc185_c10000000000,ILS,97,11,60,SUBOPTIMAL
s1616_is2_lrc185_c10000000000,ILS,101,11,60,SUBOPTIMAL
s1616_is2_lrc185_c10000000000,ILS,102,14,60,SUBOPTIMAL
s1616_is2_lrc185_c01000000000,ILS,95,11,60,SUBOPTIMAL
s1616_is2_lrc185_c01000000000,ILS,95,11,60,SUBOPTIMAL
s1616_is2_lrc185_c01000000000,ILS,89,15,60,SUBOPTIMAL
s1616_is2_lrc185_c01000000000,ILS,91,13,60,SUBOPTIMAL
s1616_is2_lrc185_c01000000000,ILS,97,11,60,SUBOPTIMAL
s1616_is2_lrc185_c00001000000,ILS,95,19,60,SUBOPTIMAL
s1616_is2_lrc185_c00001000000,ILS,93,19,60,SUBOPTIMAL
s1616_is2_lrc185_c00001000000,ILS,95,19,60,SUBOPTIMAL
s1616_is2_lrc185_c00001000000,ILS,96,21,60,SUBOPTIMAL
s1616_is2_lrc185_c00001000000,ILS,95,19,60,SUBOPTIMAL
s6464_ir1_lrc181_c10000000000,ILS,8321,1049,600,SUBOPTIMAL
s6464_ir1_lrc181_c10000000000,ILS,8319,1051,600,SUBOPTIMAL
s6464_ir1_lrc181_c10000000000,ILS,8297,1051,600,SUBOPTIMAL
s6464_ir1_lrc181_c10000000000,ILS,8297,1058,600,SUBOPTIMAL
s6464_ir1_lrc181_c10000000000,ILS,8317,1068,600,SUBOPTIMAL
s6464_ir1_lrc181_c01000000000,ILS,8239,1012,601,SUBOPTIMAL
s6464_ir1_lrc181_c01000000000,ILS,8245,1003,600,SUBOPTIMAL
s6464_ir1_lrc181_c01000000000,ILS,8203,999,601,SUBOPTIMAL
s6464_ir1_lrc181_c01000000000,ILS,8214,994,600,SUBOPTIMAL
s6464_ir1_lrc181_c01000000000,ILS,8227,999,600,SUBOPTIMAL
s6464_ir1_lrc181_c00001000000,ILS,8088,1438,612,SUBOPTIMAL
s6464_ir1_lrc181_c00001000000,ILS,8028,1490,607,SUBOPTIMAL
s6464_ir1_lrc181_c00001000000,ILS,8035,1498,603,SUBOPTIMAL
s6464_ir1_lrc181_c00001000000,ILS,8109,1384,608,SUBOPTIMAL
s6464_ir1_lrc181_c00001000000,ILS,8063,1499,615,SUBOPTIMAL
s6464_is2_lrc133_c10000000000,ILS,2869,256,600,SUBOPTIMAL
s6464_is2_lrc133_c10000000000,ILS,2853,263,600,SUBOPTIMAL
s6464_is2_lrc133_c10000000000,ILS,2865,250,600,SUBOPTIMAL
s6464_is2_lrc133_c10000000000,ILS,2865,245,600,SUBOPTIMAL
s6464_is2_lrc133_c10000000000,ILS,2859,255,600,SUBOPTIMAL
s6464_is2_lrc133_c01000000000,ILS,2797,240,600,SUBOPTIMAL
s6464_is2_lrc133_c01000000000,ILS,2787,236,600,SUBOPTIMAL
s6464_is2_lrc133_c01000000000,ILS,2774,241,600,SUBOPTIMAL
s6464_is2_lrc133_c01000000000,ILS,2782,248,600,SUBOPTIMAL
s6464_is2_lrc133_c01000000000,ILS,2794,245,600,SUBOPTIMAL
s6464_is2_lrc133_c00001000000,ILS,2786,386,600,SUBOPTIMAL
s6464_is2_lrc133_c00001000000,ILS,2780,379,600,SUBOPTIMAL
s6464_is2_lrc133_c00001000000,ILS,2811,371,600,SUBOPTIMAL
s6464_is2_lrc133_c00001000000,ILS,2773,371,600,SUBOPTIMAL
s6464_is2_lrc133_c00001000000,ILS,2803,357,601,SUBOPTIMAL
s128128_is1_lrc133_c01000000100,ILS,11052,749,1202,SUBOPTIMAL
s128128_is1_lrc133_c01000000100,ILS,10990,760,1204,SUBOPTIMAL
s128128_is1_lrc133_c01000000100,ILS,10980,719,1203,SUBOPTIMAL
s128128_is1_lrc133_c01000000100,ILS,11034,759,1206,SUBOPTIMAL
s128128_is1_lrc133_c01000000100,ILS,11006,747,1208,SUBOPTIMAL
s128128_is1_lrc133_c01000000010,ILS,10966,738,1205,SUBOPTIMAL
s128128_is1_lrc133_c01000000010,ILS,10934,738,1204,SUBOPTIMAL
s128128_is1_lrc133_c01000000010,ILS,10994,714,1205,SUBOPTIMAL
s128128_is1_lrc133_c01000000010,ILS,10924,736,1203,SUBOPTIMAL
s128128_is1_lrc133_c01000000010,ILS,10918,755,1204,SUBOPTIMAL
s128128_is2_lrc055_c01000000100,ILS,7551,516,1201,SUBOPTIMAL
s128128_is2_lrc055_c01000000100,ILS,7550,487,1204,SUBOPTIMAL
s128128_is2_lrc055_c01000000100,ILS,7536,499,1200,SUBOPTIMAL
s128128_is2_lrc055_c01000000100,ILS,7563,480,1202,SUBOPTIMAL
s128128_is2_lrc055_c01000000100,ILS,7516,526,1202,SUBOPTIMAL
s128128_is2_lrc055_c01000000010,ILS,7500,436,1206,SUBOPTIMAL
s128128_is2_lrc055_c01000000010,ILS,7522,460,1204,SUBOPTIMAL
s128128_is2_lrc055_c01000000010,ILS,7436,437,1205,SUBOPTIMAL
s128128_is2_lrc055_c01000000010,ILS,7566,477,1205,SUBOPTIMAL
s128128_is2_lrc055_c01000000010,ILS,7553,442,1203,SUBOPTIMAL
s1616_ir0_lrc151_c01000000100,ILS,130,24,60,SUBOPTIMAL
s1616_ir0_lrc151_c01000000100,ILS,135,25,60,SUBOPTIMAL
s1616_ir0_lrc151_c01000000100,ILS,130,27,60,SUBOPTIMAL
s1616_ir0_lrc151_c01000000100,ILS,132,24,60,SUBOPTIMAL
s1616_ir0_lrc151_c01000000100,ILS,139,34,60,SUBOPTIMAL
s1616_ir0_lrc151_c01000000010,ILS,132,28,60,SUBOPTIMAL
s1616_ir0_lrc151_c01000000010,ILS,133,21,60,SUBOPTIMAL
s1616_ir0_lrc151_c01000000010,ILS,137,24,60,SUBOPTIMAL
s1616_ir0_lrc151_c01000000010,ILS,133,20,60,SUBOPTIMAL
s1616_ir0_lrc151_c01000000010,ILS,138,32,60,SUBOPTIMAL
s1616_ir1_lrc131_c01000000100,ILS,205,41,60,SUBOPTIMAL
s1616_ir1_lrc131_c01000000100,ILS,207,42,60,SUBOPTIMAL
s1616_ir1_lrc131_c01000000100,ILS,213,35,60,SUBOPTIMAL
s1616_ir1_lrc131_c01000000100,ILS,202,59,60,SUBOPTIMAL
s1616_ir1_lrc131_c01000000100,ILS,208,33,60,SUBOPTIMAL
s1616_ir1_lrc131_c01000000010,ILS,211,33,60,SUBOPTIMAL
s1616_ir1_lrc131_c01000000010,ILS,200,35,60,SUBOPTIMAL
s1616_ir1_lrc131_c01000000010,ILS,206,28,60,SUBOPTIMAL
s1616_ir1_lrc131_c01000000010,ILS,204,35,60,SUBOPTIMAL
s1616_ir1_lrc131_c01000000010,ILS,203,48,60,SUBOPTIMAL
s1616_ir1_lrc185_c01000000100,ILS,112,16,60,SUBOPTIMAL
s1616_ir1_lrc185_c01000000100,ILS,112,21,60,SUBOPTIMAL
s1616_ir1_lrc185_c01000000100,ILS,119,23,60,SUBOPTIMAL
s1616_ir1_lrc185_c01000000100,ILS,109,23,60,SUBOPTIMAL
s1616_ir1_lrc185_c01000000100,ILS,119,19,60,SUBOPTIMAL
s1616_ir1_lrc185_c01000000010,ILS,113,22,60,SUBOPTIMAL
s1616_ir1_lrc185_c01000000010,ILS,121,19,60,SUBOPTIMAL
s1616_ir1_lrc185_c01000000010,ILS,118,22,60,SUBOPTIMAL
s1616_ir1_lrc185_c01000000010,ILS,115,25,60,SUBOPTIMAL
s1616_ir1_lrc185_c01000000010,ILS,112,22,60,SUBOPTIMAL
s1616_ir2_lrc053_c01000000100,ILS,145,28,60,SUBOPTIMAL
s1616_ir2_lrc053_c01000000100,ILS,158,26,60,SUBOPTIMAL
s1616_ir2_lrc053_c01000000100,ILS,150,29,60,SUBOPTIMAL
s1616_ir2_lrc053_c01000000100,ILS,139,24,60,SUBOPTIMAL
s1616_ir2_lrc053_c01000000100,ILS,144,29,60,SUBOPTIMAL
s1616_ir2_lrc053_c01000000010,ILS,155,25,60,SUBOPTIMAL
s1616_ir2_lrc053_c01000000010,ILS,149,25,60,SUBOPTIMAL
s1616_ir2_lrc053_c01000000010,ILS,152,29,60,SUBOPTIMAL
s1616_ir2_lrc053_c01000000010,ILS,152,21,60,SUBOPTIMAL
s1616_ir2_lrc053_c01000000010,ILS,147,35,60,SUBOPTIMAL
s1616_is1_lrc155_c01000000100,ILS,109,18,60,SUBOPTIMAL
s1616_is1_lrc155_c01000000100,ILS,106,17,60,SUBOPTIMAL
s1616_is1_lrc155_c01000000100,ILS,99,18,60,SUBOPTIMAL
s1616_is1_lrc155_c01000000100,ILS,104,15,60,SUBOPTIMAL
s1616_is1_lrc155_c01000000100,ILS,97,19,60,SUBOPTIMAL
s1616_is1_lrc155_c01000000010,ILS,99,15,60,SUBOPTIMAL
s1616_is1_lrc155_c01000000010,ILS,105,18,60,SUBOPTIMAL
s1616_is1_lrc155_c01000000010,ILS,102,21,60,SUBOPTIMAL
s1616_is1_lrc155_c01000000010,ILS,110,19,60,SUBOPTIMAL
s1616_is1_lrc155_c01000000010,ILS,101,17,60,SUBOPTIMAL
s1616_is2_lrc185_c01000000100,ILS,80,14,60,SUBOPTIMAL
s1616_is2_lrc185_c01000000100,ILS,86,18,60,SUBOPTIMAL
s1616_is2_lrc185_c01000000100,ILS,85,16,60,SUBOPTIMAL
s1616_is2_lrc185_c01000000100,ILS,81,13,60,SUBOPTIMAL
s1616_is2_lrc185_c01000000100,ILS,79,18,60,SUBOPTIMAL
s1616_is2_lrc185_c01000000010,ILS,88,13,60,SUBOPTIMAL
s1616_is2_lrc185_c01000000010,ILS,109,13,60,SUBOPTIMAL
s1616_is2_lrc185_c01000000010,ILS,79,15,60,SUBOPTIMAL
s1616_is2_lrc185_c01000000010,ILS,109,13,60,SUBOPTIMAL
s1616_is2_lrc185_c01000000010,ILS,82,14,60,SUBOPTIMAL
s6464_ir1_lrc181_c01000000100,ILS,8225,999,600,SUBOPTIMAL
s6464_ir1_lrc181_c01000000100,ILS,8245,1013,600,SUBOPTIMAL
s6464_ir1_lrc181_c01000000100,ILS,8207,1061,601,SUBOPTIMAL
s6464_ir1_lrc181_c01000000100,ILS,8247,1012,600,SUBOPTIMAL
s6464_ir1_lrc181_c01000000100,ILS,8229,1019,601,SUBOPTIMAL
s6464_ir1_lrc181_c01000000010,ILS,8243,1025,600,SUBOPTIMAL
s6464_ir1_lrc181_c01000000010,ILS,8215,1021,600,SUBOPTIMAL
s6464_ir1_lrc181_c01000000010,ILS,8219,1000,600,SUBOPTIMAL
s6464_ir1_lrc181_c01000000010,ILS,8217,1009,601,SUBOPTIMAL
s6464_ir1_lrc181_c01000000010,ILS,8219,1045,600,SUBOPTIMAL
s6464_is2_lrc133_c01000000100,ILS,2756,265,600,SUBOPTIMAL
s6464_is2_lrc133_c01000000100,ILS,2788,257,600,SUBOPTIMAL
s6464_is2_lrc133_c01000000100,ILS,2794,263,600,SUBOPTIMAL
s6464_is2_lrc133_c01000000100,ILS,2801,227,600,SUBOPTIMAL
s6464_is2_lrc133_c01000000100,ILS,2732,264,600,SUBOPTIMAL
s6464_is2_lrc133_c01000000010,ILS,2784,244,600,SUBOPTIMAL
s6464_is2_lrc133_c01000000010,ILS,2783,228,600,SUBOPTIMAL
s6464_is2_lrc133_c01000000010,ILS,2792,245,600,SUBOPTIMAL
s6464_is2_lrc133_c01000000010,ILS,2803,253,600,SUBOPTIMAL
s6464_is2_lrc133_c01000000010,ILS,2777,255,600,SUBOPTIMAL
s1616_ir1_lrc131_c11000000000,ILS,213,32,60,SUBOPTIMAL
s1616_ir1_lrc131_c11000000000,ILS,215,36,60,SUBOPTIMAL
s1616_ir1_lrc131_c11000000000,ILS,223,36,60,SUBOPTIMAL
s1616_ir1_lrc131_c11000000000,ILS,212,39,60,SUBOPTIMAL
s1616_ir1_lrc131_c11000000000,ILS,225,34,60,SUBOPTIMAL
s1616_ir0_lrc151_c01001000000,ILS,144,27,60,SUBOPTIMAL
s1616_ir0_lrc151_c01001000000,ILS,144,30,60,SUBOPTIMAL
s1616_ir0_lrc151_c01001000000,ILS,136,28,60,SUBOPTIMAL
s1616_ir0_lrc151_c01001000000,ILS,142,30,60,SUBOPTIMAL
s1616_ir0_lrc151_c01001000000,ILS,143,29,60,SUBOPTIMAL
s1616_ir1_lrc131_c01001000000,ILS,212,34,60,SUBOPTIMAL
s1616_ir1_lrc131_c01001000000,ILS,199,47,60,SUBOPTIMAL
s1616_ir1_lrc131_c01001000000,ILS,217,35,60,SUBOPTIMAL
s1616_ir1_lrc131_c01001000000,ILS,218,34,60,SUBOPTIMAL
s1616_ir1_lrc131_c01001000000,ILS,206,38,60,SUBOPTIMAL
s1616_ir0_lrc151_c11000000000,ILS,154,27,60,SUBOPTIMAL
s1616_ir0_lrc151_c11000000000,ILS,148,25,60,SUBOPTIMAL
s1616_ir0_lrc151_c11000000000,ILS,146,21,60,SUBOPTIMAL
s1616_ir0_lrc151_c11000000000,ILS,148,27,60,SUBOPTIMAL
s1616_ir0_lrc151_c11000000000,ILS,146,23,60,SUBOPTIMAL
s1616_ir2_lrc053_c11000000000,ILS,162,19,60,SUBOPTIMAL
s1616_ir2_lrc053_c11000000000,ILS,162,20,60,SUBOPTIMAL
s1616_ir2_lrc053_c11000000000,ILS,162,20,60,SUBOPTIMAL
s1616_ir2_lrc053_c11000000000,ILS,162,20,60,SUBOPTIMAL
s1616_ir2_lrc053_c11000000000,ILS,162,20,60,SUBOPTIMAL
s1616_ir1_lrc185_c11000000000,ILS,124,26,60,SUBOPTIMAL
s1616_ir1_lrc185_c11000000000,ILS,124,26,60,SUBOPTIMAL
s1616_ir1_lrc185_c11000000000,ILS,121,23,60,SUBOPTIMAL
s1616_ir1_lrc185_c11000000000,ILS,124,26,60,SUBOPTIMAL
s1616_ir1_lrc185_c11000000000,ILS,122,24,60,SUBOPTIMAL
s1616_ir1_lrc185_c01001000000,ILS,126,28,60,SUBOPTIMAL
s1616_ir1_lrc185_c01001000000,ILS,126,26,60,SUBOPTIMAL
s1616_ir1_lrc185_c01001000000,ILS,126,24,60,SUBOPTIMAL
s1616_ir1_lrc185_c01001000000,ILS,124,30,60,SUBOPTIMAL
s1616_ir1_lrc185_c01001000000,ILS,126,29,60,SUBOPTIMAL
s1616_ir2_lrc053_c01001000000,ILS,156,19,60,SUBOPTIMAL
s1616_ir2_lrc053_c01001000000,ILS,156,19,60,SUBOPTIMAL
s1616_ir2_lrc053_c01001000000,ILS,156,20,60,SUBOPTIMAL
s1616_ir2_lrc053_c01001000000,ILS,156,19,60,SUBOPTIMAL
s1616_ir2_lrc053_c01001000000,ILS,158,20,60,SUBOPTIMAL
s1616_is1_lrc155_c11000000000,ILS,123,21,60,SUBOPTIMAL
s1616_is1_lrc155_c11000000000,ILS,116,17,60,SUBOPTIMAL
s1616_is1_lrc155_c11000000000,ILS,116,17,60,SUBOPTIMAL
s1616_is1_lrc155_c11000000000,ILS,120,19,60,SUBOPTIMAL
s1616_is1_lrc155_c11000000000,ILS,115,21,60,SUBOPTIMAL
s1616_is2_lrc185_c01001000000,ILS,99,15,60,SUBOPTIMAL
s1616_is2_lrc185_c01001000000,ILS,94,15,60,SUBOPTIMAL
s1616_is2_lrc185_c01001000000,ILS,99,17,60,SUBOPTIMAL
s1616_is2_lrc185_c01001000000,ILS,88,15,60,SUBOPTIMAL
s1616_is2_lrc185_c01001000000,ILS,91,13,60,SUBOPTIMAL
s1616_is2_lrc185_c11000000000,ILS,98,12,60,SUBOPTIMAL
s1616_is2_lrc185_c11000000000,ILS,103,12,60,SUBOPTIMAL
s1616_is2_lrc185_c11000000000,ILS,90,13,60,SUBOPTIMAL
s1616_is2_lrc185_c11000000000,ILS,103,12,60,SUBOPTIMAL
s1616_is2_lrc185_c11000000000,ILS,103,12,60,SUBOPTIMAL
s1616_is1_lrc155_c01001000000,ILS,118,25,60,SUBOPTIMAL
s1616_is1_lrc155_c01001000000,ILS,120,22,60,SUBOPTIMAL
s1616_is1_lrc155_c01001000000,ILS,114,19,60,SUBOPTIMAL
s1616_is1_lrc155_c01001000000,ILS,119,29,60,SUBOPTIMAL
s1616_is1_lrc155_c01001000000,ILS,116,27,60,SUBOPTIMAL
s6464_is2_lrc133_c11000000000,ILS,2803,223,600,SUBOPTIMAL
s6464_is2_lrc133_c11000000000,ILS,2765,237,600,SUBOPTIMAL
s6464_is2_lrc133_c11000000000,ILS,2794,243,600,SUBOPTIMAL
s6464_is2_lrc133_c11000000000,ILS,2789,235,600,SUBOPTIMAL
s6464_is2_lrc133_c11000000000,ILS,2790,237,600,SUBOPTIMAL
s6464_is2_lrc133_c01001000000,ILS,2633,278,601,SUBOPTIMAL
s6464_is2_lrc133_c01001000000,ILS,2669,294,601,SUBOPTIMAL
s6464_is2_lrc133_c01001000000,ILS,2688,293,601,SUBOPTIMAL
s6464_is2_lrc133_c01001000000,ILS,2665,282,600,SUBOPTIMAL
s6464_is2_lrc133_c01001000000,ILS,2710,280,919,SUBOPTIMAL
s6464_ir1_lrc181_c01001000000,ILS,7891,1340,601,SUBOPTIMAL
s6464_ir1_lrc181_c01001000000,ILS,7895,1348,602,SUBOPTIMAL
s6464_ir1_lrc181_c01001000000,ILS,7887,1301,600,SUBOPTIMAL
s6464_ir1_lrc181_c01001000000,ILS,7883,1311,601,SUBOPTIMAL
s6464_ir1_lrc181_c01001000000,ILS,7983,1249,926,SUBOPTIMAL
s6464_ir1_lrc181_c11000000000,ILS,8221,1011,600,SUBOPTIMAL
s6464_ir1_lrc181_c11000000000,ILS,8215,1007,601,SUBOPTIMAL
s6464_ir1_lrc181_c11000000000,ILS,8223,1014,600,SUBOPTIMAL
s6464_ir1_lrc181_c11000000000,ILS,8214,995,601,SUBOPTIMAL
s6464_ir1_lrc181_c11000000000,ILS,8217,1005,933,SUBOPTIMAL
s128128_is2_lrc055_c01001000000,ILS,7369,615,1202,SUBOPTIMAL
s128128_is2_lrc055_c01001000000,ILS,7282,573,1200,SUBOPTIMAL
s128128_is2_lrc055_c01001000000,ILS,7364,599,1200,SUBOPTIMAL
s128128_is2_lrc055_c01001000000,ILS,7317,595,1206,SUBOPTIMAL
s128128_is2_lrc055_c01001000000,ILS,7269,590,1202,SUBOPTIMAL
s128128_is1_lrc133_c11000000000,ILS,10882,727,1204,SUBOPTIMAL
s128128_is1_lrc133_c11000000000,ILS,10844,710,1200,SUBOPTIMAL
s128128_is1_lrc133_c11000000000,ILS,10853,717,1220,SUBOPTIMAL
s128128_is1_lrc133_c11000000000,ILS,10890,723,1204,SUBOPTIMAL
s128128_is1_lrc133_c11000000000,ILS,10881,733,1201,SUBOPTIMAL
s128128_is1_lrc133_c01001000000,ILS,10556,952,1202,SUBOPTIMAL
s128128_is1_lrc133_c01001000000,ILS,10575,932,1203,SUBOPTIMAL
s128128_is1_lrc133_c01001000000,ILS,10661,894,1216,SUBOPTIMAL
s128128_is1_lrc133_c01001000000,ILS,10661,938,1209,SUBOPTIMAL
s128128_is1_lrc133_c01001000000,ILS,10546,936,1200,SUBOPTIMAL
s128128_is2_lrc055_c11000000000,ILS,7422,464,1202,SUBOPTIMAL
s128128_is2_lrc055_c11000000000,ILS,7441,461,1206,SUBOPTIMAL
s128128_is2_lrc055_c11000000000,ILS,7360,431,1217,SUBOPTIMAL
s128128_is2_lrc055_c11000000000,ILS,7404,453,1205,SUBOPTIMAL
s128128_is2_lrc055_c11000000000,ILS,7409,448,1202,SUBOPTIMAL
s1616_ir0_lrc151_c01001000100,ILS,137,26,60,SUBOPTIMAL
s1616_ir0_lrc151_c01001000100,ILS,128,30,60,SUBOPTIMAL
s1616_ir0_lrc151_c01001000100,ILS,136,23,60,SUBOPTIMAL
s1616_ir0_lrc151_c01001000100,ILS,128,35,60,SUBOPTIMAL
s1616_ir0_lrc151_c01001000100,ILS,128,32,60,SUBOPTIMAL
s1616_ir0_lrc151_c11000000100,ILS,131,27,60,SUBOPTIMAL
s1616_ir0_lrc151_c11000000100,ILS,135,34,60,SUBOPTIMAL
s1616_ir0_lrc151_c11000000100,ILS,136,27,60,SUBOPTIMAL
s1616_ir0_lrc151_c11000000100,ILS,134,27,60,SUBOPTIMAL
s1616_ir0_lrc151_c11000000100,ILS,135,29,60,SUBOPTIMAL
s1616_ir1_lrc131_c11000000100,ILS,205,41,60,SUBOPTIMAL
s1616_ir1_lrc131_c11000000100,ILS,205,34,60,SUBOPTIMAL
s1616_ir1_lrc131_c11000000100,ILS,205,38,60,SUBOPTIMAL
s1616_ir1_lrc131_c11000000100,ILS,206,26,60,SUBOPTIMAL
s1616_ir1_lrc131_c11000000100,ILS,211,36,60,SUBOPTIMAL
s1616_ir0_lrc151_c01000000110,ILS,129,31,60,SUBOPTIMAL
s1616_ir0_lrc151_c01000000110,ILS,134,23,60,SUBOPTIMAL
s1616_ir0_lrc151_c01000000110,ILS,133,25,60,SUBOPTIMAL
s1616_ir0_lrc151_c01000000110,ILS,133,24,60,SUBOPTIMAL
s1616_ir0_lrc151_c01000000110,ILS,135,33,60,SUBOPTIMAL
s1616_ir1_lrc131_c01000000110,ILS,210,43,60,SUBOPTIMAL
s1616_ir1_lrc131_c01000000110,ILS,198,37,60,SUBOPTIMAL
s1616_ir1_lrc131_c01000000110,ILS,200,39,60,SUBOPTIMAL
s1616_ir1_lrc131_c01000000110,ILS,207,45,60,SUBOPTIMAL
s1616_ir1_lrc131_c01000000110,ILS,206,33,60,SUBOPTIMAL
s1616_ir1_lrc131_c01001000100,ILS,196,43,60,SUBOPTIMAL
s1616_ir1_lrc131_c01001000100,ILS,193,40,60,SUBOPTIMAL
s1616_ir1_lrc131_c01001000100,ILS,196,41,60,SUBOPTIMAL
s1616_ir1_lrc131_c01001000100,ILS,202,49,60,SUBOPTIMAL
s1616_ir1_lrc131_c01001000100,ILS,200,53,60,SUBOPTIMAL
s1616_ir1_lrc185_c11000000100,ILS,112,23,60,SUBOPTIMAL
s1616_ir1_lrc185_c11000000100,ILS,113,22,60,SUBOPTIMAL
s1616_ir1_lrc185_c11000000100,ILS,116,25,60,SUBOPTIMAL
s1616_ir1_lrc185_c11000000100,ILS,112,22,60,SUBOPTIMAL
s1616_ir1_lrc185_c11000000100,ILS,111,27,60,SUBOPTIMAL
s1616_ir1_lrc185_c01001000100,ILS,106,19,60,SUBOPTIMAL
s1616_ir1_lrc185_c01001000100,ILS,109,30,60,SUBOPTIMAL
s1616_ir1_lrc185_c01001000100,ILS,111,27,60,SUBOPTIMAL
s1616_ir1_lrc185_c01001000100,ILS,107,26,60,SUBOPTIMAL
s1616_ir1_lrc185_c01001000100,ILS,107,26,60,SUBOPTIMAL
s1616_ir2_lrc053_c11000000100,ILS,148,27,60,SUBOPTIMAL
s1616_ir2_lrc053_c11000000100,ILS,155,30,60,SUBOPTIMAL
s1616_ir2_lrc053_c11000000100,ILS,141,27,60,SUBOPTIMAL
s1616_ir2_lrc053_c11000000100,ILS,153,26,60,SUBOPTIMAL
s1616_ir2_lrc053_c11000000100,ILS,142,24,60,SUBOPTIMAL
s1616_ir1_lrc185_c01000000110,ILS,111,28,60,SUBOPTIMAL
s1616_ir1_lrc185_c01000000110,ILS,118,25,60,SUBOPTIMAL
s1616_ir1_lrc185_c01000000110,ILS,108,24,60,SUBOPTIMAL
s1616_ir1_lrc185_c01000000110,ILS,117,26,60,SUBOPTIMAL
s1616_ir1_lrc185_c01000000110,ILS,120,30,60,SUBOPTIMAL
s1616_ir2_lrc053_c01001000100,ILS,142,29,60,SUBOPTIMAL
s1616_ir2_lrc053_c01001000100,ILS,148,24,60,SUBOPTIMAL
s1616_ir2_lrc053_c01001000100,ILS,147,31,60,SUBOPTIMAL
s1616_ir2_lrc053_c01001000100,ILS,144,27,60,SUBOPTIMAL
s1616_ir2_lrc053_c01001000100,ILS,142,27,60,SUBOPTIMAL
s1616_ir2_lrc053_c01000000110,ILS,145,25,60,SUBOPTIMAL
s1616_ir2_lrc053_c01000000110,ILS,147,30,60,SUBOPTIMAL
s1616_ir2_lrc053_c01000000110,ILS,152,30,60,SUBOPTIMAL
s1616_ir2_lrc053_c01000000110,ILS,151,31,60,SUBOPTIMAL
s1616_ir2_lrc053_c01000000110,ILS,139,26,60,SUBOPTIMAL
s1616_is1_lrc155_c11000000100,ILS,99,16,60,SUBOPTIMAL
s1616_is1_lrc155_c11000000100,ILS,110,19,60,SUBOPTIMAL
s1616_is1_lrc155_c11000000100,ILS,97,20,60,SUBOPTIMAL
s1616_is1_lrc155_c11000000100,ILS,107,20,60,SUBOPTIMAL
s1616_is1_lrc155_c11000000100,ILS,108,17,60,SUBOPTIMAL
s1616_is1_lrc155_c01001000100,ILS,97,29,60,SUBOPTIMAL
s1616_is1_lrc155_c01001000100,ILS,99,22,60,SUBOPTIMAL
s1616_is1_lrc155_c01001000100,ILS,98,18,60,SUBOPTIMAL
s1616_is1_lrc155_c01001000100,ILS,101,22,60,SUBOPTIMAL
s1616_is1_lrc155_c01001000100,ILS,98,21,60,SUBOPTIMAL
s1616_is2_lrc185_c11000000100,ILS,81,12,60,SUBOPTIMAL
s1616_is2_lrc185_c11000000100,ILS,80,18,60,SUBOPTIMAL
s1616_is2_lrc185_c11000000100,ILS,81,16,60,SUBOPTIMAL
s1616_is2_lrc185_c11000000100,ILS,91,12,60,SUBOPTIMAL
s1616_is2_lrc185_c11000000100,ILS,86,16,60,SUBOPTIMAL
s1616_is1_lrc155_c01000000110,ILS,102,19,60,SUBOPTIMAL
s1616_is1_lrc155_c01000000110,ILS,101,16,60,SUBOPTIMAL
s1616_is1_lrc155_c01000000110,ILS,107,23,60,SUBOPTIMAL
s1616_is1_lrc155_c01000000110,ILS,101,17,60,SUBOPTIMAL
s1616_is1_lrc155_c01000000110,ILS,97,17,60,SUBOPTIMAL
s1616_is2_lrc185_c01000000110,ILS,83,13,60,SUBOPTIMAL
s1616_is2_lrc185_c01000000110,ILS,76,15,60,SUBOPTIMAL
s1616_is2_lrc185_c01000000110,ILS,85,13,60,SUBOPTIMAL
s1616_is2_lrc185_c01000000110,ILS,83,16,60,SUBOPTIMAL
s1616_is2_lrc185_c01000000110,ILS,87,13,60,SUBOPTIMAL
s1616_is2_lrc185_c01001000100,ILS,76,19,60,SUBOPTIMAL
s1616_is2_lrc185_c01001000100,ILS,86,13,60,SUBOPTIMAL
s1616_is2_lrc185_c01001000100,ILS,73,16,60,SUBOPTIMAL
s1616_is2_lrc185_c01001000100,ILS,74,17,60,SUBOPTIMAL
s1616_is2_lrc185_c01001000100,ILS,83,13,60,SUBOPTIMAL
s6464_ir1_lrc181_c11000000100,ILS,8229,998,600,SUBOPTIMAL
s6464_ir1_lrc181_c11000000100,ILS,8238,1014,600,SUBOPTIMAL
s6464_ir1_lrc181_c11000000100,ILS,8213,1022,600,SUBOPTIMAL
s6464_ir1_lrc181_c11000000100,ILS,8235,1014,600,SUBOPTIMAL
s6464_ir1_lrc181_c11000000100,ILS,8233,1002,601,SUBOPTIMAL
s6464_ir1_lrc181_c01001000100,ILS,7842,1564,614,SUBOPTIMAL
s6464_ir1_lrc181_c01001000100,ILS,7838,1600,602,SUBOPTIMAL
s6464_ir1_lrc181_c01001000100,ILS,7853,1502,600,SUBOPTIMAL
s6464_ir1_lrc181_c01001000100,ILS,7843,1582,606,SUBOPTIMAL
s6464_ir1_lrc181_c01001000100,ILS,7852,1508,601,SUBOPTIMAL
s128128_is1_lrc133_c01000000110,ILS,10960,756,1202,SUBOPTIMAL
s128128_is1_lrc133_c01000000110,ILS,10920,747,1200,SUBOPTIMAL
s128128_is1_lrc133_c01000000110,ILS,10930,740,1201,SUBOPTIMAL
s128128_is1_lrc133_c01000000110,ILS,11006,735,1204,SUBOPTIMAL
s128128_is1_lrc133_c01000000110,ILS,10974,746,1202,SUBOPTIMAL
s128128_is2_lrc055_c11000000100,ILS,7542,534,1202,SUBOPTIMAL
s128128_is2_lrc055_c11000000100,ILS,7520,510,1203,SUBOPTIMAL
s128128_is2_lrc055_c11000000100,ILS,7462,492,1201,SUBOPTIMAL
s128128_is2_lrc055_c11000000100,ILS,7553,484,1201,SUBOPTIMAL
s128128_is2_lrc055_c11000000100,ILS,7546,490,1205,SUBOPTIMAL
s128128_is2_lrc055_c01000000110,ILS,7608,487,1205,SUBOPTIMAL
s128128_is2_lrc055_c01000000110,ILS,7477,516,1205,SUBOPTIMAL
s128128_is2_lrc055_c01000000110,ILS,7534,472,1201,SUBOPTIMAL
s128128_is2_lrc055_c01000000110,ILS,7504,493,1200,SUBOPTIMAL
s128128_is2_lrc055_c01000000110,ILS,7614,503,1200,SUBOPTIMAL
s128128_is1_lrc133_c01001000100,ILS,10668,1011,1201,SUBOPTIMAL
s128128_is1_lrc133_c01001000100,ILS,10615,1022,1203,SUBOPTIMAL
s128128_is1_lrc133_c01001000100,ILS,10673,890,1203,SUBOPTIMAL
s128128_is1_lrc133_c01001000100,ILS,10635,1044,1204,SUBOPTIMAL
s128128_is1_lrc133_c01001000100,ILS,10642,994,1206,SUBOPTIMAL
s128128_is1_lrc133_c11000000100,ILS,10984,788,1201,SUBOPTIMAL
s128128_is1_lrc133_c11000000100,ILS,10994,830,1204,SUBOPTIMAL
s128128_is1_lrc133_c11000000100,ILS,10932,823,1201,SUBOPTIMAL
s128128_is1_lrc133_c11000000100,ILS,10960,761,1204,SUBOPTIMAL
s128128_is1_lrc133_c11000000100,ILS,10970,831,1207,SUBOPTIMAL
s128128_is2_lrc055_c01001000100,ILS,7289,695,1200,SUBOPTIMAL
s128128_is2_lrc055_c01001000100,ILS,7363,643,1209,SUBOPTIMAL
s128128_is2_lrc055_c01001000100,ILS,7332,667,1201,SUBOPTIMAL
s128128_is2_lrc055_c01001000100,ILS,7343,550,1205,SUBOPTIMAL
s128128_is2_lrc055_c01001000100,ILS,7337,599,1207,SUBOPTIMAL
s6464_ir1_lrc181_c01000000110,ILS,8248,1006,600,SUBOPTIMAL
s6464_ir1_lrc181_c01000000110,ILS,8211,1015,601,SUBOPTIMAL
s6464_ir1_lrc181_c01000000110,ILS,8233,1002,600,SUBOPTIMAL
s6464_ir1_lrc181_c01000000110,ILS,8245,1010,601,SUBOPTIMAL
s6464_ir1_lrc181_c01000000110,ILS,8233,1011,600,SUBOPTIMAL
s6464_is2_lrc133_c11000000100,ILS,2792,271,600,SUBOPTIMAL
s6464_is2_lrc133_c11000000100,ILS,2769,239,600,SUBOPTIMAL
s6464_is2_lrc133_c11000000100,ILS,2743,295,600,SUBOPTIMAL
s6464_is2_lrc133_c11000000100,ILS,2761,261,600,SUBOPTIMAL
s6464_is2_lrc133_c11000000100,ILS,2757,261,600,SUBOPTIMAL
s6464_is2_lrc133_c01001000100,ILS,2638,363,600,SUBOPTIMAL
s6464_is2_lrc133_c01001000100,ILS,2673,401,600,SUBOPTIMAL
s6464_is2_lrc133_c01001000100,ILS,2612,361,600,SUBOPTIMAL
s6464_is2_lrc133_c01001000100,ILS,2631,377,600,SUBOPTIMAL
s6464_is2_lrc133_c01001000100,ILS,2676,339,600,SUBOPTIMAL
s6464_is2_lrc133_c01000000110,ILS,2802,255,601,SUBOPTIMAL
s6464_is2_lrc133_c01000000110,ILS,2770,235,600,SUBOPTIMAL
s6464_is2_lrc133_c01000000110,ILS,2734,258,600,SUBOPTIMAL
s6464_is2_lrc133_c01000000110,ILS,2765,269,600,SUBOPTIMAL
s6464_is2_lrc133_c01000000110,ILS,2792,241,600,SUBOPTIMAL
s128128_is1_lrc133_c11001000100,ILS,10641,1015,1214,SUBOPTIMAL
s128128_is1_lrc133_c11001000100,ILS,10622,998,1208,SUBOPTIMAL
s128128_is1_lrc133_c11001000100,ILS,10578,996,1206,SUBOPTIMAL
s128128_is1_lrc133_c11001000100,ILS,10564,984,1200,SUBOPTIMAL
s128128_is1_lrc133_c11001000100,ILS,10667,999,1212,SUBOPTIMAL
s128128_is1_lrc133_c01001000110,ILS,10661,1072,1212,SUBOPTIMAL
s128128_is1_lrc133_c01001000110,ILS,10724,886,1212,SUBOPTIMAL
s128128_is1_lrc133_c01001000110,ILS,10691,1078,1361,SUBOPTIMAL
s128128_is1_lrc133_c01001000110,ILS,10671,1046,1203,SUBOPTIMAL
s128128_is1_lrc133_c01001000110,ILS,10614,966,1203,SUBOPTIMAL
s128128_is2_lrc055_c11001000100,ILS,7318,622,1204,SUBOPTIMAL
s128128_is2_lrc055_c11001000100,ILS,7345,633,1208,SUBOPTIMAL
s128128_is2_lrc055_c11001000100,ILS,7243,645,1208,SUBOPTIMAL
s128128_is2_lrc055_c11001000100,ILS,7302,685,1207,SUBOPTIMAL
s128128_is2_lrc055_c11001000100,ILS,7265,633,1200,SUBOPTIMAL
s128128_is2_lrc055_c01001000110,ILS,7267,610,1205,SUBOPTIMAL
s128128_is2_lrc055_c01001000110,ILS,7336,653,1207,SUBOPTIMAL
s128128_is2_lrc055_c01001000110,ILS,7238,568,1205,SUBOPTIMAL
s128128_is2_lrc055_c01001000110,ILS,7266,604,1202,SUBOPTIMAL
s128128_is2_lrc055_c01001000110,ILS,7207,618,1203,SUBOPTIMAL
s1616_ir0_lrc151_c11001000100,ILS,135,29,60,SUBOPTIMAL
s1616_ir0_lrc151_c11001000100,ILS,131,23,60,SUBOPTIMAL
s1616_ir0_lrc151_c11001000100,ILS,126,24,60,SUBOPTIMAL
s1616_ir0_lrc151_c11001000100,ILS,131,32,60,SUBOPTIMAL
s1616_ir0_lrc151_c11001000100,ILS,127,27,60,SUBOPTIMAL
s1616_ir0_lrc151_c01001000110,ILS,127,26,60,SUBOPTIMAL
s1616_ir0_lrc151_c01001000110,ILS,130,24,60,SUBOPTIMAL
s1616_ir0_lrc151_c01001000110,ILS,128,24,60,SUBOPTIMAL
s1616_ir0_lrc151_c01001000110,ILS,128,26,60,SUBOPTIMAL
s1616_ir0_lrc151_c01001000110,ILS,128,24,60,SUBOPTIMAL
s1616_ir1_lrc131_c11001000100,ILS,194,42,60,SUBOPTIMAL
s1616_ir1_lrc131_c11001000100,ILS,199,38,60,SUBOPTIMAL
s1616_ir1_lrc131_c11001000100,ILS,199,50,60,SUBOPTIMAL
s1616_ir1_lrc131_c11001000100,ILS,198,33,60,SUBOPTIMAL
s1616_ir1_lrc131_c11001000100,ILS,198,52,60,SUBOPTIMAL
s1616_ir1_lrc131_c01001000110,ILS,203,49,60,SUBOPTIMAL
s1616_ir1_lrc131_c01001000110,ILS,194,47,60,SUBOPTIMAL
s1616_ir1_lrc131_c01001000110,ILS,199,46,60,SUBOPTIMAL
s1616_ir1_lrc131_c01001000110,ILS,206,33,60,SUBOPTIMAL
s1616_ir1_lrc131_c01001000110,ILS,199,42,60,SUBOPTIMAL
s1616_ir1_lrc185_c11001000100,ILS,108,25,60,SUBOPTIMAL
s1616_ir1_lrc185_c11001000100,ILS,107,20,60,SUBOPTIMAL
s1616_ir1_lrc185_c11001000100,ILS,110,24,60,SUBOPTIMAL
s1616_ir1_lrc185_c11001000100,ILS,112,28,60,SUBOPTIMAL
s1616_ir1_lrc185_c11001000100,ILS,108,25,60,SUBOPTIMAL
s1616_ir1_lrc185_c01001000110,ILS,108,30,60,SUBOPTIMAL
s1616_ir1_lrc185_c01001000110,ILS,106,28,60,SUBOPTIMAL
s1616_ir1_lrc185_c01001000110,ILS,108,22,60,SUBOPTIMAL
s1616_ir1_lrc185_c01001000110,ILS,107,23,60,SUBOPTIMAL
s1616_ir1_lrc185_c01001000110,ILS,105,20,60,SUBOPTIMAL
s1616_ir2_lrc053_c11001000100,ILS,144,24,60,SUBOPTIMAL
s1616_ir2_lrc053_c11001000100,ILS,146,25,60,SUBOPTIMAL
s1616_ir2_lrc053_c11001000100,ILS,136,28,60,SUBOPTIMAL
s1616_ir2_lrc053_c11001000100,ILS,140,27,60,SUBOPTIMAL
s1616_ir2_lrc053_c11001000100,ILS,139,32,60,SUBOPTIMAL
s1616_ir2_lrc053_c01001000110,ILS,144,30,60,SUBOPTIMAL
s1616_ir2_lrc053_c01001000110,ILS,141,27,60,SUBOPTIMAL
s1616_ir2_lrc053_c01001000110,ILS,144,25,60,SUBOPTIMAL
s1616_ir2_lrc053_c01001000110,ILS,141,23,60,SUBOPTIMAL
s1616_ir2_lrc053_c01001000110,ILS,143,26,60,SUBOPTIMAL
s1616_is1_lrc155_c11001000100,ILS,95,18,60,SUBOPTIMAL
s1616_is1_lrc155_c11001000100,ILS,94,26,60,SUBOPTIMAL
s1616_is1_lrc155_c11001000100,ILS,95,18,60,SUBOPTIMAL
s1616_is1_lrc155_c11001000100,ILS,95,19,60,SUBOPTIMAL
s1616_is1_lrc155_c11001000100,ILS,99,20,60,SUBOPTIMAL
s1616_is1_lrc155_c01001000110,ILS,100,17,60,SUBOPTIMAL
s1616_is1_lrc155_c01001000110,ILS,95,17,60,SUBOPTIMAL
s1616_is1_lrc155_c01001000110,ILS,102,19,60,SUBOPTIMAL
s1616_is1_lrc155_c01001000110,ILS,99,20,60,SUBOPTIMAL
s1616_is1_lrc155_c01001000110,ILS,97,15,60,SUBOPTIMAL
s1616_is2_lrc185_c11001000100,ILS,76,14,60,SUBOPTIMAL
s1616_is2_lrc185_c11001000100,ILS,78,14,60,SUBOPTIMAL
s1616_is2_lrc185_c11001000100,ILS,80,13,60,SUBOPTIMAL
s1616_is2_lrc185_c11001000100,ILS,82,16,60,SUBOPTIMAL
s1616_is2_lrc185_c11001000100,ILS,78,13,60,SUBOPTIMAL
s1616_is2_lrc185_c01001000110,ILS,79,15,60,SUBOPTIMAL
s1616_is2_lrc185_c01001000110,ILS,81,13,60,SUBOPTIMAL
s1616_is2_lrc185_c01001000110,ILS,81,11,60,SUBOPTIMAL
s1616_is2_lrc185_c01001000110,ILS,80,14,60,SUBOPTIMAL
s1616_is2_lrc185_c01001000110,ILS,82,13,60,SUBOPTIMAL
s6464_ir1_lrc181_c11001000100,ILS,7910,1450,603,SUBOPTIMAL
s6464_ir1_lrc181_c11001000100,ILS,7934,1401,616,SUBOPTIMAL
s6464_ir1_lrc181_c11001000100,ILS,7914,1426,615,SUBOPTIMAL
s6464_ir1_lrc181_c11001000100,ILS,7897,1503,601,SUBOPTIMAL
s6464_ir1_lrc181_c11001000100,ILS,7921,1406,618,SUBOPTIMAL
s6464_ir1_lrc181_c01001000110,ILS,7928,1462,600,SUBOPTIMAL
s6464_ir1_lrc181_c01001000110,ILS,7901,1310,600,SUBOPTIMAL
s6464_ir1_lrc181_c01001000110,ILS,7917,1474,601,SUBOPTIMAL
s6464_ir1_lrc181_c01001000110,ILS,7925,1432,611,SUBOPTIMAL
s6464_ir1_lrc181_c01001000110,ILS,7938,1402,611,SUBOPTIMAL
s6464_is2_lrc133_c11001000100,ILS,2648,420,601,SUBOPTIMAL
s6464_is2_lrc133_c11001000100,ILS,2644,399,600,SUBOPTIMAL
s6464_is2_lrc133_c11001000100,ILS,2635,310,601,SUBOPTIMAL
s6464_is2_lrc133_c11001000100,ILS,2680,346,600,SUBOPTIMAL
s6464_is2_lrc133_c11001000100,ILS,2646,411,601,SUBOPTIMAL
s6464_is2_lrc133_c01001000110,ILS,2619,393,601,SUBOPTIMAL
s6464_is2_lrc133_c01001000110,ILS,2653,340,600,SUBOPTIMAL
s6464_is2_lrc133_c01001000110,ILS,2623,358,601,SUBOPTIMAL
s6464_is2_lrc133_c01001000110,ILS,2667,312,601,SUBOPTIMAL
s6464_is2_lrc133_c01001000110,ILS,2603,375,600,SUBOPTIMAL
s128128_is1_lrc133_c11001000110,ILS,10639,1028,1210,SUBOPTIMAL
s128128_is1_lrc133_c11001000110,ILS,10635,918,1202,SUBOPTIMAL
s128128_is1_lrc133_c11001000110,ILS,10581,982,1207,SUBOPTIMAL
s128128_is1_lrc133_c11001000110,ILS,10647,972,1212,SUBOPTIMAL
s128128_is1_lrc133_c11001000110,ILS,10579,987,1203,SUBOPTIMAL
s128128_is2_lrc055_c11001000110,ILS,7263,602,1200,SUBOPTIMAL
s128128_is2_lrc055_c11001000110,ILS,7218,616,1202,SUBOPTIMAL
s128128_is2_lrc055_c11001000110,ILS,7273,573,1202,SUBOPTIMAL
s128128_is2_lrc055_c11001000110,ILS,7213,659,1210,SUBOPTIMAL
s128128_is2_lrc055_c11001000110,ILS,7247,522,1205,SUBOPTIMAL
s1616_ir0_lrc151_c11001000110,ILS,125,29,60,SUBOPTIMAL
s1616_ir0_lrc151_c11001000110,ILS,119,29,60,SUBOPTIMAL
s1616_ir0_lrc151_c11001000110,ILS,127,27,60,SUBOPTIMAL
s1616_ir0_lrc151_c11001000110,ILS,128,30,60,SUBOPTIMAL
s1616_ir0_lrc151_c11001000110,ILS,126,27,60,SUBOPTIMAL
s1616_ir1_lrc131_c11001000110,ILS,198,43,60,SUBOPTIMAL
s1616_ir1_lrc131_c11001000110,ILS,192,43,60,SUBOPTIMAL
s1616_ir1_lrc131_c11001000110,ILS,195,36,60,SUBOPTIMAL
s1616_ir1_lrc131_c11001000110,ILS,200,33,60,SUBOPTIMAL
s1616_ir1_lrc131_c11001000110,ILS,197,37,60,SUBOPTIMAL
s1616_ir1_lrc185_c11001000110,ILS,110,24,60,SUBOPTIMAL
s1616_ir1_lrc185_c11001000110,ILS,111,22,60,SUBOPTIMAL
s1616_ir1_lrc185_c11001000110,ILS,112,21,60,SUBOPTIMAL
s1616_ir1_lrc185_c11001000110,ILS,104,21,60,SUBOPTIMAL
s1616_ir1_lrc185_c11001000110,ILS,107,17,60,SUBOPTIMAL
s1616_ir2_lrc053_c11001000110,ILS,147,30,60,SUBOPTIMAL
s1616_ir2_lrc053_c11001000110,ILS,141,28,60,SUBOPTIMAL
s1616_ir2_lrc053_c11001000110,ILS,141,34,60,SUBOPTIMAL
s1616_ir2_lrc053_c11001000110,ILS,143,27,60,SUBOPTIMAL
s1616_ir2_lrc053_c11001000110,ILS,141,30,60,SUBOPTIMAL
s1616_is1_lrc155_c11001000110,ILS,93,19,60,SUBOPTIMAL
s1616_is1_lrc155_c11001000110,ILS,97,19,60,SUBOPTIMAL
s1616_is1_lrc155_c11001000110,ILS,99,13,60,SUBOPTIMAL
s1616_is1_lrc155_c11001000110,ILS,95,16,60,SUBOPTIMAL
s1616_is1_lrc155_c11001000110,ILS,104,19,60,SUBOPTIMAL
s1616_is2_lrc185_c11001000110,ILS,77,16,60,SUBOPTIMAL
s1616_is2_lrc185_c11001000110,ILS,79,17,60,SUBOPTIMAL
s1616_is2_lrc185_c11001000110,ILS,81,13,60,SUBOPTIMAL
s1616_is2_lrc185_c11001000110,ILS,76,14,60,SUBOPTIMAL
s1616_is2_lrc185_c11001000110,ILS,81,15,60,SUBOPTIMAL
s6464_ir1_lrc181_c11001000110,ILS,7921,1336,605,SUBOPTIMAL
s6464_ir1_lrc181_c11001000110,ILS,7893,1310,614,SUBOPTIMAL
s6464_ir1_lrc181_c11001000110,ILS,7916,1456,603,SUBOPTIMAL
s6464_ir1_lrc181_c11001000110,ILS,7894,1374,618,SUBOPTIMAL
s6464_ir1_lrc181_c11001000110,ILS,7892,1321,611,SUBOPTIMAL
s6464_is2_lrc133_c11001000110,ILS,2619,319,600,SUBOPTIMAL
s6464_is2_lrc133_c11001000110,ILS,2604,359,600,SUBOPTIMAL
s6464_is2_lrc133_c11001000110,ILS,2626,312,600,SUBOPTIMAL
s6464_is2_lrc133_c11001000110,ILS,2620,303,600,SUBOPTIMAL
s6464_is2_lrc133_c11001000110,ILS,2617,352,600,SUBOPTIMAL
